/*
Navicat MySQL Data Transfer

Source Server         : localhost_3306
Source Server Version : 50627
Source Host           : localhost:3306
Source Database       : bbs_forum

Target Server Type    : MYSQL
Target Server Version : 50627
File Encoding         : 65001

Date: 2017-06-08 13:33:06
*/

SET FOREIGN_KEY_CHECKS=0;

-- ----------------------------
-- Table structure for `board`
-- ----------------------------
DROP TABLE IF EXISTS `board`;
CREATE TABLE `board` (
  `id` int(11) NOT NULL AUTO_INCREMENT,
  `name` char(10) NOT NULL,
  `info` varchar(100) NOT NULL,
  PRIMARY KEY (`id`)
) ENGINE=InnoDB AUTO_INCREMENT=9 DEFAULT CHARSET=utf8;

-- ----------------------------
-- Records of board
-- ----------------------------
INSERT INTO `board` VALUES ('1', '移动开发', '');
INSERT INTO `board` VALUES ('2', 'WEB开发', '');
INSERT INTO `board` VALUES ('3', '游戏开发', '');
INSERT INTO `board` VALUES ('8', 'aaaa', 'aaa');

-- ----------------------------
-- Table structure for `childboard`
-- ----------------------------
DROP TABLE IF EXISTS `childboard`;
CREATE TABLE `childboard` (
  `id` int(11) NOT NULL AUTO_INCREMENT,
  `name` char(10) NOT NULL,
  `parent_board` int(11) NOT NULL,
  PRIMARY KEY (`id`),
  KEY `parent_board` (`parent_board`),
  CONSTRAINT `childboard_ibfk_1` FOREIGN KEY (`parent_board`) REFERENCES `board` (`id`)
) ENGINE=InnoDB AUTO_INCREMENT=12 DEFAULT CHARSET=utf8;

-- ----------------------------
-- Records of childboard
-- ----------------------------
INSERT INTO `childboard` VALUES ('4', 'ASP开发', '2');
INSERT INTO `childboard` VALUES ('5', 'JSP开发', '2');
INSERT INTO `childboard` VALUES ('7', 'android', '1');
INSERT INTO `childboard` VALUES ('11', 'bbb', '8');

-- ----------------------------
-- Table structure for `friends`
-- ----------------------------
DROP TABLE IF EXISTS `friends`;
CREATE TABLE `friends` (
  `user_mail` char(20) NOT NULL,
  `friend_mail` char(20) NOT NULL,
  PRIMARY KEY (`user_mail`,`friend_mail`),
  KEY `friend_mail` (`friend_mail`),
  CONSTRAINT `friends_ibfk_1` FOREIGN KEY (`user_mail`) REFERENCES `user` (`mail_address`),
  CONSTRAINT `friends_ibfk_2` FOREIGN KEY (`friend_mail`) REFERENCES `user` (`mail_address`)
) ENGINE=InnoDB DEFAULT CHARSET=utf8;

-- ----------------------------
-- Records of friends
-- ----------------------------
INSERT INTO `friends` VALUES ('1111', '0000');
INSERT INTO `friends` VALUES ('3333', '0000');
INSERT INTO `friends` VALUES ('0000', '1111');
INSERT INTO `friends` VALUES ('2222', '1111');
INSERT INTO `friends` VALUES ('3333', '1111');
INSERT INTO `friends` VALUES ('4444', '1111');
INSERT INTO `friends` VALUES ('1111', '2222');
INSERT INTO `friends` VALUES ('0000', '3333');
INSERT INTO `friends` VALUES ('1111', '3333');
INSERT INTO `friends` VALUES ('1111', '4444');
INSERT INTO `friends` VALUES ('1111', '5555');

-- ----------------------------
-- Table structure for `message`
-- ----------------------------
DROP TABLE IF EXISTS `message`;
CREATE TABLE `message` (
  `id` int(11) NOT NULL AUTO_INCREMENT,
  `publisher_mail` char(20) NOT NULL,
  `receiver_mail` char(20) NOT NULL,
  `content` varchar(255) NOT NULL,
  `publish_date` timestamp NULL DEFAULT CURRENT_TIMESTAMP ON UPDATE CURRENT_TIMESTAMP,
  PRIMARY KEY (`id`),
  KEY `publisher_mail` (`publisher_mail`),
  KEY `reciver_mail` (`receiver_mail`),
  CONSTRAINT `message_ibfk_1` FOREIGN KEY (`publisher_mail`) REFERENCES `user` (`mail_address`),
  CONSTRAINT `message_ibfk_2` FOREIGN KEY (`receiver_mail`) REFERENCES `user` (`mail_address`)
) ENGINE=InnoDB AUTO_INCREMENT=193 DEFAULT CHARSET=utf8;

-- ----------------------------
-- Records of message
-- ----------------------------
INSERT INTO `message` VALUES ('141', '1111', '0000', '22222', '2017-05-07 20:43:35');
INSERT INTO `message` VALUES ('142', '1111', '0000', '33333', '2017-05-07 20:43:41');
INSERT INTO `message` VALUES ('143', '1111', '0000', '4444444', '2017-05-07 20:43:44');
INSERT INTO `message` VALUES ('144', '1111', '0000', '5555555', '2017-05-07 20:43:48');
INSERT INTO `message` VALUES ('145', '1111', '0000', '66666', '2017-05-07 20:43:50');
INSERT INTO `message` VALUES ('146', '1111', '0000', '777777', '2017-05-08 14:48:43');
INSERT INTO `message` VALUES ('147', '1111', '0000', '888888', '2017-05-08 16:14:01');
INSERT INTO `message` VALUES ('148', '1111', '0000', '9999999', '2017-05-08 17:10:57');
INSERT INTO `message` VALUES ('150', '1111', '0000', '34534534534', '2017-05-14 17:13:27');
INSERT INTO `message` VALUES ('151', '1111', '0000', '34534534534', '2017-05-14 17:13:32');
INSERT INTO `message` VALUES ('152', '1111', '0000', '34534534534', '2017-05-14 17:13:35');
INSERT INTO `message` VALUES ('153', '1111', '0000', '34534534534', '2017-05-14 17:13:35');
INSERT INTO `message` VALUES ('154', '1111', '0000', '34534534534', '2017-05-14 17:13:35');
INSERT INTO `message` VALUES ('155', '1111', '0000', '34534534534', '2017-05-14 17:13:35');
INSERT INTO `message` VALUES ('157', '1111', '0000', '2', '2017-05-14 17:17:26');
INSERT INTO `message` VALUES ('159', '1111', '0000', '234234324', '2017-05-14 17:23:14');
INSERT INTO `message` VALUES ('160', '1111', '0000', '234234324', '2017-05-14 17:24:28');
INSERT INTO `message` VALUES ('161', '1111', '0000', '77777', '2017-05-14 17:27:00');
INSERT INTO `message` VALUES ('162', '1111', '0000', '77777', '2017-05-19 15:23:39');
INSERT INTO `message` VALUES ('163', '1111', '3333', '22222', '2017-05-29 20:46:59');
INSERT INTO `message` VALUES ('164', '1111', '3333', '22222', '2017-05-29 20:47:07');
INSERT INTO `message` VALUES ('165', '1111', '3333', '22222', '2017-05-29 20:48:57');
INSERT INTO `message` VALUES ('166', '1111', '3333', '1', '2017-05-29 20:56:45');
INSERT INTO `message` VALUES ('167', '1111', '3333', '1', '2017-05-29 20:57:07');
INSERT INTO `message` VALUES ('168', '1111', '3333', '1', '2017-05-29 20:57:49');
INSERT INTO `message` VALUES ('169', '1111', '3333', '3', '2017-05-29 20:57:56');
INSERT INTO `message` VALUES ('170', '1111', '3333', '4', '2017-05-29 20:59:30');
INSERT INTO `message` VALUES ('171', '1111', '3333', '5', '2017-05-29 21:13:40');
INSERT INTO `message` VALUES ('172', '0000', '1111', 'nihaowa', '2017-05-29 09:14:19');
INSERT INTO `message` VALUES ('173', '1111', '3333', 'nihao', '2017-05-29 22:15:45');
INSERT INTO `message` VALUES ('174', '1111', '0000', '1', '2017-05-29 22:17:42');
INSERT INTO `message` VALUES ('175', '1111', '0000', '1', '2017-05-29 22:19:51');
INSERT INTO `message` VALUES ('176', '1111', '0000', '1', '2017-05-29 22:23:20');
INSERT INTO `message` VALUES ('177', '1111', '3333', 'nihao111', '2017-05-29 22:23:32');
INSERT INTO `message` VALUES ('178', '1111', '3333', 'hahahaa', '2017-05-29 22:28:07');
INSERT INTO `message` VALUES ('179', '1111', '2222', 'nihao', '2017-05-29 22:36:21');
INSERT INTO `message` VALUES ('180', '1111', '2222', 'hahaha', '2017-05-29 22:37:22');
INSERT INTO `message` VALUES ('181', '0000', '5555', '4444', '2017-06-01 10:46:50');
INSERT INTO `message` VALUES ('182', '0000', '5555', '你好哇', '2017-06-01 10:48:26');
INSERT INTO `message` VALUES ('183', '1111', '5555', '4444', '2017-06-02 11:26:38');
INSERT INTO `message` VALUES ('184', '0000', '5555', '哈哈哈', '2017-06-02 11:33:33');
INSERT INTO `message` VALUES ('185', '0000', '5555', '土卫二而', '2017-06-02 11:37:32');
INSERT INTO `message` VALUES ('186', '0000', '5555', '2222', '2017-06-02 11:40:23');
INSERT INTO `message` VALUES ('187', '5555', '3333', 'nihaonihao\r\n', '2017-06-05 15:37:30');
INSERT INTO `message` VALUES ('188', '5555', '3333', 'hahaa', '2017-06-05 15:37:49');
INSERT INTO `message` VALUES ('189', '0000', '5555', '请摁34啊', '2017-06-07 22:21:57');
INSERT INTO `message` VALUES ('190', '0000', '5555', '3523453', '2017-06-07 22:53:28');
INSERT INTO `message` VALUES ('191', '0000', '3333', '345345345', '2017-06-08 08:56:48');
INSERT INTO `message` VALUES ('192', '0000', '3333', '123456', '2017-06-08 11:27:49');

-- ----------------------------
-- Table structure for `news`
-- ----------------------------
DROP TABLE IF EXISTS `news`;
CREATE TABLE `news` (
  `id` char(40) NOT NULL,
  `sender_mail` char(20) NOT NULL,
  `receiver_mail` char(20) NOT NULL,
  `send_date` timestamp NOT NULL DEFAULT CURRENT_TIMESTAMP ON UPDATE CURRENT_TIMESTAMP,
  `content` varchar(255) NOT NULL,
  `type` int(1) DEFAULT '0' COMMENT '默认为0,0代表一般消息，1代表好友消息，2代表系统消息',
  `state` int(1) DEFAULT '0' COMMENT '0表示未处理，1表示已接受，2表示已拒绝',
  PRIMARY KEY (`id`),
  KEY `sender_mail` (`sender_mail`),
  KEY `receiver_mail` (`receiver_mail`),
  CONSTRAINT `news_ibfk_1` FOREIGN KEY (`sender_mail`) REFERENCES `user` (`mail_address`),
  CONSTRAINT `news_ibfk_2` FOREIGN KEY (`receiver_mail`) REFERENCES `user` (`mail_address`)
) ENGINE=InnoDB DEFAULT CHARSET=utf8;

-- ----------------------------
-- Records of news
-- ----------------------------
INSERT INTO `news` VALUES ('00001496387481624', '0000', '1111', '2017-06-02 21:05:00', 'hello!', '0', '1');
INSERT INTO `news` VALUES ('00001496388531786', '0000', '1111', '2017-06-02 21:05:00', 'woshi 0000', '0', '1');
INSERT INTO `news` VALUES ('00001496410101938', '0000', '1111', '2017-06-02 22:38:14', '你好你好', '0', '1');
INSERT INTO `news` VALUES ('00001496411229215', '0000', '1111', '2017-06-02 22:38:14', '11111', '0', '1');
INSERT INTO `news` VALUES ('00001496411400277', '0000', '1111', '2017-06-02 22:38:14', '22222', '0', '1');
INSERT INTO `news` VALUES ('00001496411446231', '0000', '1111', '2017-06-02 22:38:14', '33333', '0', '1');
INSERT INTO `news` VALUES ('00001496412898201', '0000', '1111', '2017-06-02 22:38:14', '4444', '0', '1');
INSERT INTO `news` VALUES ('00001496413157994', '0000', '1111', '2017-06-02 22:38:14', '5555', '0', '1');
INSERT INTO `news` VALUES ('00001496413485030', '0000', '1111', '2017-06-02 22:38:14', '666666', '0', '1');
INSERT INTO `news` VALUES ('00001496413929132', '0000', '1111', '2017-06-02 22:38:14', '777777', '0', '1');
INSERT INTO `news` VALUES ('00001496414200751', '0000', '1111', '2017-06-02 22:38:14', '8888', '0', '1');
INSERT INTO `news` VALUES ('00001496499778901', '0000', '5555', '2017-06-03 22:22:58', '向您发送了好友请求', '1', '0');
INSERT INTO `news` VALUES ('00001496499797691', '0000', '1111', '2017-06-03 22:23:38', '9999', '0', '1');
INSERT INTO `news` VALUES ('00001496558791691', '0000', '5555', '2017-06-04 14:46:47', '你好哇', '0', '1');
INSERT INTO `news` VALUES ('00001496847309996', '0000', '1111', '2017-06-07 22:55:09', '向您发送了好友请求', '1', '1');
INSERT INTO `news` VALUES ('00001496892530130', '0000', '2222', '2017-06-08 11:28:50', '向您发送了好友请求', '1', '0');
INSERT INTO `news` VALUES ('1', '1111', '0000', '2017-06-02 21:02:38', '你好test1', '0', '1');
INSERT INTO `news` VALUES ('11111496408717776', '1111', '0000', '2017-06-02 21:05:34', 'hahah 成功啦！', '0', '1');
INSERT INTO `news` VALUES ('11111496561873870', '1111', '3333', '2017-06-04 15:38:06', 'nihao 3333', '0', '1');
INSERT INTO `news` VALUES ('11111496563954953', '1111', '3333', '2017-06-04 16:12:49', '该用户已经同意了您的好友请求！', '0', '1');
INSERT INTO `news` VALUES ('11111496647296783', '1111', '5555', '2017-06-05 15:21:37', '向您发送了好友请求', '1', '1');
INSERT INTO `news` VALUES ('11111496647926709', '1111', '2222', '2017-06-05 15:32:06', '向您发送了好友请求', '1', '1');
INSERT INTO `news` VALUES ('11111496647946796', '1111', '4444', '2017-06-05 15:32:26', '向您发送了好友请求', '1', '0');
INSERT INTO `news` VALUES ('2', '1111', '0000', '2017-06-02 21:02:38', '我是1111', '0', '1');
INSERT INTO `news` VALUES ('22221496647995153', '2222', '1111', '2017-06-05 15:36:07', '该用户已经同意了您的好友请求！', '0', '1');
INSERT INTO `news` VALUES ('22221496648096609', '2222', '1111', '2017-06-05 15:36:07', 'nihaohainafdas', '0', '1');
INSERT INTO `news` VALUES ('22221496648114335', '2222', '1111', '2017-06-05 15:36:07', '4234234', '0', '1');
INSERT INTO `news` VALUES ('33331496563938194', '3333', '1111', '2017-06-04 16:12:18', '向您发送了好友请求', '1', '1');
INSERT INTO `news` VALUES ('44441496847588269', '4444', '1111', '2017-06-07 22:59:48', '向您发送了好友请求', '1', '1');
INSERT INTO `news` VALUES ('55551496648199111', '5555', '1111', '2017-06-05 15:36:39', '该用户已经同意了您的好友请求！', '0', '0');
INSERT INTO `news` VALUES ('55551496845449600', '5555', '0000', '2017-06-07 22:25:00', '1243234', '0', '1');
INSERT INTO `news` VALUES ('99991496755507983', '9999', '2222', '2017-06-06 21:25:07', '向您发送了好友请求', '1', '0');
INSERT INTO `news` VALUES ('b25', '0000', '9999', '2017-06-07 22:11:59', '申请置顶，帖子id为：5', '0', '0');
INSERT INTO `news` VALUES ('b39', '0000', '1111', '2017-06-07 22:58:58', '申请置顶，帖子id为：5', '0', '1');
INSERT INTO `news` VALUES ('b91', '0000', '9999', '2017-06-08 08:31:57', '申请置顶，帖子id为：7', '0', '0');

-- ----------------------------
-- Table structure for `post`
-- ----------------------------
DROP TABLE IF EXISTS `post`;
CREATE TABLE `post` (
  `id` char(50) NOT NULL,
  `title` varchar(255) NOT NULL,
  `content` varchar(255) NOT NULL,
  `publisher_mail` char(20) NOT NULL,
  `publish_time` timestamp NULL DEFAULT CURRENT_TIMESTAMP,
  `childboard_id` int(11) NOT NULL,
  `page_view` int(11) DEFAULT '0',
  PRIMARY KEY (`id`),
  KEY `publisher_mail` (`publisher_mail`),
  KEY `childboardId` (`childboard_id`),
  CONSTRAINT `post_ibfk_1` FOREIGN KEY (`publisher_mail`) REFERENCES `user` (`mail_address`),
  CONSTRAINT `post_ibfk_2` FOREIGN KEY (`childboard_id`) REFERENCES `childboard` (`id`)
) ENGINE=InnoDB DEFAULT CHARSET=utf8;

-- ----------------------------
-- Records of post
-- ----------------------------
INSERT INTO `post` VALUES ('1', '13243', '我是你爸爸', '1111', '2017-04-04 10:20:53', '4', '239');
INSERT INTO `post` VALUES ('10', '11111', 'test', '3333', '2017-05-26 22:07:18', '5', '8');
INSERT INTO `post` VALUES ('11', '89学潮', '89学潮血腥屠杀', '5555', '2017-06-06 23:04:04', '4', '21');
INSERT INTO `post` VALUES ('12', '一夜性网性息网', '一夜性网性息网', '3333', '2017-06-06 23:04:42', '4', '2');
INSERT INTO `post` VALUES ('13', '法轮功', '三去车仑工力', '5555', '2017-06-06 23:05:11', '7', '2');
INSERT INTO `post` VALUES ('2342432', 'test6', 'i m tired', '2222', '2017-05-26 21:52:32', '4', '4');
INSERT INTO `post` VALUES ('3', 'test1', 'wertwerwerwer', '0000', '2017-05-08 16:33:23', '5', '34');
INSERT INTO `post` VALUES ('4', 'test2', '啊哈哈哈哈哈rtyr', '0000', '2017-05-08 16:33:36', '5', '35');
INSERT INTO `post` VALUES ('7', 'test5', 'what?', '0000', '2017-05-08 16:34:36', '5', '22');
INSERT INTO `post` VALUES ('a9', 'test11111', '2342342342', '5555', '2017-06-01 10:28:49', '5', '14');

-- ----------------------------
-- Table structure for `reply`
-- ----------------------------
DROP TABLE IF EXISTS `reply`;
CREATE TABLE `reply` (
  `id` int(11) NOT NULL AUTO_INCREMENT,
  `sender_mail` char(20) NOT NULL,
  `sendtime` timestamp NULL DEFAULT CURRENT_TIMESTAMP,
  `content` varchar(255) NOT NULL,
  `postId` char(50) NOT NULL,
  PRIMARY KEY (`id`),
  KEY `sender_mail` (`sender_mail`),
  CONSTRAINT `reply_ibfk_1` FOREIGN KEY (`sender_mail`) REFERENCES `user` (`mail_address`)
) ENGINE=InnoDB AUTO_INCREMENT=18 DEFAULT CHARSET=utf8;

-- ----------------------------
-- Records of reply
-- ----------------------------
INSERT INTO `reply` VALUES ('1', '5555', '2017-06-01 10:27:36', '54188\r\n', '1');
INSERT INTO `reply` VALUES ('2', '5555', '2017-06-01 10:27:42', '54188\r\n', '1');
INSERT INTO `reply` VALUES ('3', '5555', '2017-06-01 10:28:03', '333', '1');
INSERT INTO `reply` VALUES ('4', '7777', '2017-06-01 10:36:47', '2342342', 'a9');
INSERT INTO `reply` VALUES ('5', '7777', '2017-06-01 10:37:31', '', 'a9');
INSERT INTO `reply` VALUES ('6', '7777', '2017-06-01 10:37:46', '5555555', 'a9');
INSERT INTO `reply` VALUES ('7', '1111', '2017-06-02 11:28:30', '54188', 'a9');
INSERT INTO `reply` VALUES ('10', '0000', '2017-06-02 14:13:47', ' 沃尔沃二翁认为二位', '4');
INSERT INTO `reply` VALUES ('11', '9999', '2017-06-06 21:24:16', '000', '10');
INSERT INTO `reply` VALUES ('17', '0000', '2017-06-08 11:30:59', 'dddq', '2342432');

-- ----------------------------
-- Table structure for `safety`
-- ----------------------------
DROP TABLE IF EXISTS `safety`;
CREATE TABLE `safety` (
  `Id` int(4) NOT NULL AUTO_INCREMENT,
  `mail_address` varchar(16) NOT NULL COMMENT '登录邮箱',
  `safetyCode` varchar(16) NOT NULL COMMENT '安全码',
  PRIMARY KEY (`Id`)
) ENGINE=InnoDB AUTO_INCREMENT=6 DEFAULT CHARSET=utf8;

-- ----------------------------
-- Records of safety
-- ----------------------------
INSERT INTO `safety` VALUES ('4', '9999', '6666');
INSERT INTO `safety` VALUES ('5', '0000', '1111');

-- ----------------------------
-- Table structure for `shield`
-- ----------------------------
DROP TABLE IF EXISTS `shield`;
CREATE TABLE `shield` (
  `user_mail` char(20) NOT NULL,
  `shielder_mail` char(20) NOT NULL,
  PRIMARY KEY (`user_mail`,`shielder_mail`),
  KEY `shielder_mail` (`shielder_mail`),
  CONSTRAINT `shield_ibfk_1` FOREIGN KEY (`user_mail`) REFERENCES `user` (`mail_address`),
  CONSTRAINT `shield_ibfk_2` FOREIGN KEY (`shielder_mail`) REFERENCES `user` (`mail_address`)
) ENGINE=InnoDB DEFAULT CHARSET=utf8;

-- ----------------------------
-- Records of shield
-- ----------------------------
INSERT INTO `shield` VALUES ('0000', '3333');
INSERT INTO `shield` VALUES ('0000', '5555');

-- ----------------------------
-- Table structure for `user`
-- ----------------------------
DROP TABLE IF EXISTS `user`;
CREATE TABLE `user` (
  `mail_address` char(20) NOT NULL COMMENT '用户邮箱地址，用于用户注册登录',
  `username` varchar(50) NOT NULL,
  `password` char(20) NOT NULL,
  `sex` char(2) NOT NULL DEFAULT '男',
  `register_date` timestamp NOT NULL DEFAULT CURRENT_TIMESTAMP COMMENT '注册时间',
  `photo_url` varchar(40) DEFAULT 'upload/headicon/default_icon.jpg' COMMENT '用于存放用户头像的本地文件地址，需要在注册时指定为默认的头像地址',
  `level` int(11) DEFAULT '1',
  `signature` varchar(255) DEFAULT '还未设置个人签名。' COMMENT '个人签名',
  `type` int(1) DEFAULT '0',
  `last_login_date` datetime DEFAULT NULL,
  `status` int(11) DEFAULT '0',
  PRIMARY KEY (`mail_address`)
) ENGINE=InnoDB DEFAULT CHARSET=utf8;

-- ----------------------------
-- Records of user
-- ----------------------------
INSERT INTO `user` VALUES ('0000', 'user001', '666666', '女', '2017-05-01 16:04:09', 'upload/headicon/default_icon.jpg', '2', '还未设置个人签名。', '0', '2017-06-08 00:00:00', '0');
INSERT INTO `user` VALUES ('1000', '1111', '1111', '男', '2017-06-06 23:57:31', null, '1', '还未设置个人签名。', '0', null, null);
INSERT INTO `user` VALUES ('1001', '1111', '1111', '男', '2017-06-06 23:59:38', null, '1', '还未设置个人签名。', '0', null, '0');
INSERT INTO `user` VALUES ('1111', 'Headbanger', '123456', '男', '2017-04-28 14:26:01', 'upload/headicon/default_icon.jpg', '1', 'NO PAIN,NO GAIN.', '0', '2017-05-18 00:00:00', '0');
INSERT INTO `user` VALUES ('2222', 'user002', '1111', '男', '2017-05-11 09:29:41', 'upload/headicon/default_icon.jpg', '1', '还未设置个人签名。', '0', '2017-05-17 21:20:51', '0');
INSERT INTO `user` VALUES ('3333', 'user003', '1111', '男', '2017-05-11 09:29:50', 'upload/headicon/default_icon.jpg', '1', '还未设置个人签名。', '0', '2017-05-24 00:00:00', '0');
INSERT INTO `user` VALUES ('4444', 'user004', '1111', '男', '2017-05-11 09:29:59', 'upload/headicon/default_icon.jpg', '1', '还未设置个人签名。', '0', '2017-06-07 00:00:00', '0');
INSERT INTO `user` VALUES ('5555', 'user005', '1111', '男', '2017-05-11 09:30:11', 'upload/headicon/default_icon.jpg', '1', '还未设置个人签名。', '0', '2017-06-07 00:00:00', '2');
INSERT INTO `user` VALUES ('6666', 'user006', '1111', '男', '2017-05-11 09:30:19', 'upload/headicon/default_icon.jpg', '1', '还未设置个人签名。', '0', '2017-06-01 21:21:07', '0');
INSERT INTO `user` VALUES ('7777', 'muyizifan', '1111', '男', '2017-05-07 23:09:07', 'upload/headicon/default_icon.jpg', '3', 'Focus', '2', '2017-06-08 00:00:00', '0');
INSERT INTO `user` VALUES ('9999', '9999', '9999', '男', '2017-06-06 21:22:18', 'upload/headicon/default_icon.jpg', '1', '还未设置个人签名。', '1', '2017-06-08 00:00:00', '0');

-- ----------------------------
-- Table structure for `word`
-- ----------------------------
DROP TABLE IF EXISTS `word`;
CREATE TABLE `word` (
  `word` varchar(255) NOT NULL
) ENGINE=InnoDB DEFAULT CHARSET=utf8;

-- ----------------------------
-- Records of word
-- ----------------------------
INSERT INTO `word` VALUES ('1夜情');
INSERT INTO `word` VALUES ('64事件');
INSERT INTO `word` VALUES ('64大屠杀');
INSERT INTO `word` VALUES ('64惨案');
INSERT INTO `word` VALUES ('64运动');
INSERT INTO `word` VALUES ('89事件');
INSERT INTO `word` VALUES ('89学潮大屠杀');
INSERT INTO `word` VALUES ('89学潮血腥屠杀');
INSERT INTO `word` VALUES ('89风波');
INSERT INTO `word` VALUES ('912事件');
INSERT INTO `word` VALUES ('91明星人体吧');
INSERT INTO `word` VALUES ('97狼图网');
INSERT INTO `word` VALUES ('97色色');
INSERT INTO `word` VALUES ('9评共党');
INSERT INTO `word` VALUES ('AV出售');
INSERT INTO `word` VALUES ('AV女优');
INSERT INTO `word` VALUES ('AV女色情自拍');
INSERT INTO `word` VALUES ('AV电影');
INSERT INTO `word` VALUES ('A片');
INSERT INTO `word` VALUES ('B样');
INSERT INTO `word` VALUES ('FLG');
INSERT INTO `word` VALUES ('FL功');
INSERT INTO `word` VALUES ('FL大法');
INSERT INTO `word` VALUES ('FalunDafa');
INSERT INTO `word` VALUES ('Fa轮功');
INSERT INTO `word` VALUES ('GCD');
INSERT INTO `word` VALUES ('GONG党');
INSERT INTO `word` VALUES ('G点刺激棒');
INSERT INTO `word` VALUES ('H片');
INSERT INTO `word` VALUES ('H电影');
INSERT INTO `word` VALUES ('H站');
INSERT INTO `word` VALUES ('K粉');
INSERT INTO `word` VALUES ('K粉冰出售');
INSERT INTO `word` VALUES ('LHZ');
INSERT INTO `word` VALUES ('ONS');
INSERT INTO `word` VALUES ('Party');
INSERT INTO `word` VALUES ('SEX情色论坛');
INSERT INTO `word` VALUES ('SM用品');
INSERT INTO `word` VALUES ('SM虐待');
INSERT INTO `word` VALUES ('TAM');
INSERT INTO `word` VALUES ('TMD');
INSERT INTO `word` VALUES ('TND');
INSERT INTO `word` VALUES ('TNND');
INSERT INTO `word` VALUES ('X夜激情');
INSERT INTO `word` VALUES ('av女');
INSERT INTO `word` VALUES ('a片网');
INSERT INTO `word` VALUES ('bitch');
INSERT INTO `word` VALUES ('bt成人');
INSERT INTO `word` VALUES ('b好痒');
INSERT INTO `word` VALUES ('b痒');
INSERT INTO `word` VALUES ('b穴');
INSERT INTO `word` VALUES ('e夜情');
INSERT INTO `word` VALUES ('falun');
INSERT INTO `word` VALUES ('falungong');
INSERT INTO `word` VALUES ('fa轮');
INSERT INTO `word` VALUES ('fuck');
INSERT INTO `word` VALUES ('hongzhi');
INSERT INTO `word` VALUES ('h图');
INSERT INTO `word` VALUES ('jiqingshaofu');
INSERT INTO `word` VALUES ('j吧');
INSERT INTO `word` VALUES ('j巴');
INSERT INTO `word` VALUES ('ktv公主');
INSERT INTO `word` VALUES ('lihongzhi');
INSERT INTO `word` VALUES ('mm穴');
INSERT INTO `word` VALUES ('qingse');
INSERT INTO `word` VALUES ('vip公主');
INSERT INTO `word` VALUES ('xuechao');
INSERT INTO `word` VALUES ('yindi');
INSERT INTO `word` VALUES ('yinshui');
INSERT INTO `word` VALUES ('yin毛');
INSERT INTO `word` VALUES ('yin道');
INSERT INTO `word` VALUES ('yin部');
INSERT INTO `word` VALUES ('y户');
INSERT INTO `word` VALUES ('y茎');
INSERT INTO `word` VALUES ('y蒂');
INSERT INTO `word` VALUES ('zhenshanren');
INSERT INTO `word` VALUES ('zhuanfalun');
INSERT INTO `word` VALUES ('zifen');
INSERT INTO `word` VALUES ('一中一台');
INSERT INTO `word` VALUES ('一党专制');
INSERT INTO `word` VALUES ('一党专政');
INSERT INTO `word` VALUES ('一党独裁');
INSERT INTO `word` VALUES ('一党私利');
INSERT INTO `word` VALUES ('一军两策');
INSERT INTO `word` VALUES ('一夜性网');
INSERT INTO `word` VALUES ('一夜性网性息网');
INSERT INTO `word` VALUES ('一夜情');
INSERT INTO `word` VALUES ('一夜情俱乐部');
INSERT INTO `word` VALUES ('一夜情迷奸');
INSERT INTO `word` VALUES ('一夜激情');
INSERT INTO `word` VALUES ('一小撮别');
INSERT INTO `word` VALUES ('一本道');
INSERT INTO `word` VALUES ('一级黄电视');
INSERT INTO `word` VALUES ('一蚕缠');
INSERT INTO `word` VALUES ('一贯道');
INSERT INTO `word` VALUES ('一起干大波妹妹');
INSERT INTO `word` VALUES ('丁子霖');
INSERT INTO `word` VALUES ('丁香五月天');
INSERT INTO `word` VALUES ('丁香社');
INSERT INTO `word` VALUES ('丁香社区');
INSERT INTO `word` VALUES ('万人骚动');
INSERT INTO `word` VALUES ('万法归一功');
INSERT INTO `word` VALUES ('万能钥匙');
INSERT INTO `word` VALUES ('三三九乘元功');
INSERT INTO `word` VALUES ('三去车仑');
INSERT INTO `word` VALUES ('三去车仑工力');
INSERT INTO `word` VALUES ('三唑');
INSERT INTO `word` VALUES ('三挫');
INSERT INTO `word` VALUES ('三挫仑');
INSERT INTO `word` VALUES ('三水法轮');
INSERT INTO `word` VALUES ('三秒倒');
INSERT INTO `word` VALUES ('三級片');
INSERT INTO `word` VALUES ('三级片');
INSERT INTO `word` VALUES ('三级片BT下载');
INSERT INTO `word` VALUES ('三级电影');
INSERT INTO `word` VALUES ('三网友');
INSERT INTO `word` VALUES ('三脱');
INSERT INTO `word` VALUES ('三退');
INSERT INTO `word` VALUES ('上海独立');
INSERT INTO `word` VALUES ('上访军');
INSERT INTO `word` VALUES ('上门激');
INSERT INTO `word` VALUES ('下体');
INSERT INTO `word` VALUES ('下法轮');
INSERT INTO `word` VALUES ('不思四化');
INSERT INTO `word` VALUES ('不查全');
INSERT INTO `word` VALUES ('不查都');
INSERT INTO `word` VALUES ('与狗性');
INSERT INTO `word` VALUES ('与表妹通奸');
INSERT INTO `word` VALUES ('专业代');
INSERT INTO `word` VALUES ('专业代写');
INSERT INTO `word` VALUES ('专业办理');
INSERT INTO `word` VALUES ('专业助');
INSERT INTO `word` VALUES ('世界以利亚福音宣教会');
INSERT INTO `word` VALUES ('世界开运动功');
INSERT INTO `word` VALUES ('世界通');
INSERT INTO `word` VALUES ('业力回报');
INSERT INTO `word` VALUES ('业力轮');
INSERT INTO `word` VALUES ('东京热');
INSERT INTO `word` VALUES ('东伊运');
INSERT INTO `word` VALUES ('东北独立');
INSERT INTO `word` VALUES ('东北风情熟女之惑');
INSERT INTO `word` VALUES ('东土耳其斯坦');
INSERT INTO `word` VALUES ('东复活');
INSERT INTO `word` VALUES ('东社');
INSERT INTO `word` VALUES ('东突');
INSERT INTO `word` VALUES ('东突厥斯坦');
INSERT INTO `word` VALUES ('东突厥斯坦伊斯兰');
INSERT INTO `word` VALUES ('东突厥斯坦伊斯兰运动');
INSERT INTO `word` VALUES ('丝情侣');
INSERT INTO `word` VALUES ('丝护士');
INSERT INTO `word` VALUES ('丝腿乐园');
INSERT INTO `word` VALUES ('丝袜保');
INSERT INTO `word` VALUES ('丝袜网');
INSERT INTO `word` VALUES ('丝袜美腿');
INSERT INTO `word` VALUES ('丝袜聊天室');
INSERT INTO `word` VALUES ('丝足按');
INSERT INTO `word` VALUES ('两个中国');
INSERT INTO `word` VALUES ('两乳之间');
INSERT INTO `word` VALUES ('两会代');
INSERT INTO `word` VALUES ('两会又三');
INSERT INTO `word` VALUES ('两岸才子');
INSERT INTO `word` VALUES ('两性乐园');
INSERT INTO `word` VALUES ('两性屋');
INSERT INTO `word` VALUES ('两性淫乱');
INSERT INTO `word` VALUES ('两性狂情');
INSERT INTO `word` VALUES ('两性私语');
INSERT INTO `word` VALUES ('两性话');
INSERT INTO `word` VALUES ('严晓玲');
INSERT INTO `word` VALUES ('个人圆满说');
INSERT INTO `word` VALUES ('个邪的党');
INSERT INTO `word` VALUES ('个邪的党魔教');
INSERT INTO `word` VALUES ('丫与王益');
INSERT INTO `word` VALUES ('中共三大势力谁来执政');
INSERT INTO `word` VALUES ('中共专制');
INSERT INTO `word` VALUES ('中共中央黑幕');
INSERT INTO `word` VALUES ('中共亡');
INSERT INTO `word` VALUES ('中共任用');
INSERT INTO `word` VALUES ('中共伪政权');
INSERT INTO `word` VALUES ('中共保命');
INSERT INTO `word` VALUES ('中共党文化');
INSERT INTO `word` VALUES ('中共党魁');
INSERT INTO `word` VALUES ('中共内斗');
INSERT INTO `word` VALUES ('中共太子');
INSERT INTO `word` VALUES ('中共封网');
INSERT INTO `word` VALUES ('中共封锁');
INSERT INTO `word` VALUES ('中共帝国');
INSERT INTO `word` VALUES ('中共帮凶');
INSERT INTO `word` VALUES ('中共当局');
INSERT INTO `word` VALUES ('中共心中最大的恐惧');
INSERT INTO `word` VALUES ('中共恐惧');
INSERT INTO `word` VALUES ('中共恶霸');
INSERT INTO `word` VALUES ('中共成人影视网');
INSERT INTO `word` VALUES ('中共政坛腐败内幕');
INSERT INTO `word` VALUES ('中共政治流氓');
INSERT INTO `word` VALUES ('中共政治游戏');
INSERT INTO `word` VALUES ('中共暴政');
INSERT INTO `word` VALUES ('中共权力斗争');
INSERT INTO `word` VALUES ('中共洗脑');
INSERT INTO `word` VALUES ('中共流氓政府');
INSERT INTO `word` VALUES ('中共流氓政权');
INSERT INTO `word` VALUES ('中共流氓特务');
INSERT INTO `word` VALUES ('中共特务组织');
INSERT INTO `word` VALUES ('中共独枭');
INSERT INTO `word` VALUES ('中共独裁');
INSERT INTO `word` VALUES ('中共王朝');
INSERT INTO `word` VALUES ('中共的罪恶');
INSERT INTO `word` VALUES ('中共的腐败与残暴');
INSERT INTO `word` VALUES ('中共的血旗');
INSERT INTO `word` VALUES ('中共监狱');
INSERT INTO `word` VALUES ('中共统治');
INSERT INTO `word` VALUES ('中共网特');
INSERT INTO `word` VALUES ('中共腐败');
INSERT INTO `word` VALUES ('中共解体');
INSERT INTO `word` VALUES ('中共走狗');
INSERT INTO `word` VALUES ('中共迫害');
INSERT INTO `word` VALUES ('中共退党');
INSERT INTO `word` VALUES ('中共邪党');
INSERT INTO `word` VALUES ('中共邪毒素');
INSERT INTO `word` VALUES ('中共黑');
INSERT INTO `word` VALUES ('中共黑帮');
INSERT INTO `word` VALUES ('中华人民正邪');
INSERT INTO `word` VALUES ('中华昆仑女神功');
INSERT INTO `word` VALUES ('中华联邦政府');
INSERT INTO `word` VALUES ('中南海内斗');
INSERT INTO `word` VALUES ('中南海惊现东宫小朝廷');
INSERT INTO `word` VALUES ('中南海黑幕');
INSERT INTO `word` VALUES ('中国不强');
INSERT INTO `word` VALUES ('中国六四真相');
INSERT INTO `word` VALUES ('中国共产党亡');
INSERT INTO `word` VALUES ('中国性城');
INSERT INTO `word` VALUES ('中国性爱城');
INSERT INTO `word` VALUES ('中国成人网');
INSERT INTO `word` VALUES ('中国成人网站');
INSERT INTO `word` VALUES ('中国成人通');
INSERT INTO `word` VALUES ('中国报禁');
INSERT INTO `word` VALUES ('中国支配下的朝鲜经济');
INSERT INTO `word` VALUES ('中国正义党');
INSERT INTO `word` VALUES ('中国猪');
INSERT INTO `word` VALUES ('中国留学生与达赖喇嘛单独会谈记');
INSERT INTO `word` VALUES ('中国社会的艾滋病');
INSERT INTO `word` VALUES ('中国社会进步党');
INSERT INTO `word` VALUES ('中国过渡政府');
INSERT INTO `word` VALUES ('中天一气功');
INSERT INTO `word` VALUES ('中央黑幕');
INSERT INTO `word` VALUES ('中山公园哀悼');
INSERT INTO `word` VALUES ('中正纪念歌');
INSERT INTO `word` VALUES ('中的班禅');
INSERT INTO `word` VALUES ('丰乳美臀');
INSERT INTO `word` VALUES ('丰韵少妇');
INSERT INTO `word` VALUES ('为党不为国');
INSERT INTO `word` VALUES ('主席忏');
INSERT INTO `word` VALUES ('主席忏悔');
INSERT INTO `word` VALUES ('丽媛离');
INSERT INTO `word` VALUES ('举国体');
INSERT INTO `word` VALUES ('乌蝇水');
INSERT INTO `word` VALUES ('乌鲁木齐事件');
INSERT INTO `word` VALUES ('乌鲁木齐暴力事件');
INSERT INTO `word` VALUES ('乌鲁木齐暴动');
INSERT INTO `word` VALUES ('乖乖粉');
INSERT INTO `word` VALUES ('乖乖药');
INSERT INTO `word` VALUES ('九十三运动');
INSERT INTO `word` VALUES ('九评之一评共产党是什么');
INSERT INTO `word` VALUES ('九评公产党');
INSERT INTO `word` VALUES ('九评共');
INSERT INTO `word` VALUES ('九评共产党');
INSERT INTO `word` VALUES ('九龙论坛');
INSERT INTO `word` VALUES ('习晋平');
INSERT INTO `word` VALUES ('习进平');
INSERT INTO `word` VALUES ('书办理');
INSERT INTO `word` VALUES ('买春');
INSERT INTO `word` VALUES ('买春堂');
INSERT INTO `word` VALUES ('买枪');
INSERT INTO `word` VALUES ('买淫');
INSERT INTO `word` VALUES ('乱交');
INSERT INTO `word` VALUES ('乱交的故事');
INSERT INTO `word` VALUES ('乱伦');
INSERT INTO `word` VALUES ('乱伦小');
INSERT INTO `word` VALUES ('乱伦小说');
INSERT INTO `word` VALUES ('乱伦熟女');
INSERT INTO `word` VALUES ('乱伦类');
INSERT INTO `word` VALUES ('乱奸');
INSERT INTO `word` VALUES ('乱淫');
INSERT INTO `word` VALUES ('乳fang');
INSERT INTO `word` VALUES ('乳交');
INSERT INTO `word` VALUES ('乳伦');
INSERT INTO `word` VALUES ('乳球');
INSERT INTO `word` VALUES ('乳首');
INSERT INTO `word` VALUES ('亂倫');
INSERT INTO `word` VALUES ('了件渔袍');
INSERT INTO `word` VALUES ('二B');
INSERT INTO `word` VALUES ('二奶');
INSERT INTO `word` VALUES ('二奶大');
INSERT INTO `word` VALUES ('二逼');
INSERT INTO `word` VALUES ('五套功');
INSERT INTO `word` VALUES ('五奶小青');
INSERT INTO `word` VALUES ('五月天');
INSERT INTO `word` VALUES ('五月天妹妹图片网');
INSERT INTO `word` VALUES ('亚洲床上色情');
INSERT INTO `word` VALUES ('亚洲无码穴');
INSERT INTO `word` VALUES ('亚洲自由之声');
INSERT INTO `word` VALUES ('亚洲自由电台');
INSERT INTO `word` VALUES ('亚洲色图');
INSERT INTO `word` VALUES ('亡党');
INSERT INTO `word` VALUES ('亡共者胡');
INSERT INTO `word` VALUES ('交奸');
INSERT INTO `word` VALUES ('交媾');
INSERT INTO `word` VALUES ('交换夫妻');
INSERT INTO `word` VALUES ('京地震');
INSERT INTO `word` VALUES ('京爆');
INSERT INTO `word` VALUES ('京要地震');
INSERT INTO `word` VALUES ('亮穴');
INSERT INTO `word` VALUES ('亲jj');
INSERT INTO `word` VALUES ('亲共分子');
INSERT INTO `word` VALUES ('亲共媒体');
INSERT INTO `word` VALUES ('亲共行动');
INSERT INTO `word` VALUES ('亲吻蛋蛋');
INSERT INTO `word` VALUES ('亲蛋蛋');
INSERT INTO `word` VALUES ('人体艺');
INSERT INTO `word` VALUES ('人在云上');
INSERT INTO `word` VALUES ('人妻');
INSERT INTO `word` VALUES ('人妻小说');
INSERT INTO `word` VALUES ('人权律');
INSERT INTO `word` VALUES ('人游行');
INSERT INTO `word` VALUES ('人真钱');
INSERT INTO `word` VALUES ('仆不怕饮');
INSERT INTO `word` VALUES ('他妈的');
INSERT INTO `word` VALUES ('他娘的');
INSERT INTO `word` VALUES ('他媽的');
INSERT INTO `word` VALUES ('他母亲');
INSERT INTO `word` VALUES ('代写毕');
INSERT INTO `word` VALUES ('代写论');
INSERT INTO `word` VALUES ('代办制');
INSERT INTO `word` VALUES ('代办发票');
INSERT INTO `word` VALUES ('代办各');
INSERT INTO `word` VALUES ('代办学');
INSERT INTO `word` VALUES ('代办文');
INSERT INTO `word` VALUES ('代孕');
INSERT INTO `word` VALUES ('代您考');
INSERT INTO `word` VALUES ('代理发票');
INSERT INTO `word` VALUES ('代理票据');
INSERT INTO `word` VALUES ('代考');
INSERT INTO `word` VALUES ('代表烦');
INSERT INTO `word` VALUES ('代辦');
INSERT INTO `word` VALUES ('代開');
INSERT INTO `word` VALUES ('以血护法');
INSERT INTO `word` VALUES ('以身护法');
INSERT INTO `word` VALUES ('任于斯国');
INSERT INTO `word` VALUES ('任你淫');
INSERT INTO `word` VALUES ('任泽民');
INSERT INTO `word` VALUES ('仿真枪');
INSERT INTO `word` VALUES ('仿真证');
INSERT INTO `word` VALUES ('伊扎布特');
INSERT INTO `word` VALUES ('伊斯兰运动');
INSERT INTO `word` VALUES ('众像羔');
INSERT INTO `word` VALUES ('传九退三');
INSERT INTO `word` VALUES ('伦公');
INSERT INTO `word` VALUES ('伦功');
INSERT INTO `word` VALUES ('伦攻');
INSERT INTO `word` VALUES ('伦理大');
INSERT INTO `word` VALUES ('伦理毛');
INSERT INTO `word` VALUES ('伦理片');
INSERT INTO `word` VALUES ('伦理电影');
INSERT INTO `word` VALUES ('伪大');
INSERT INTO `word` VALUES ('伪民运');
INSERT INTO `word` VALUES ('伪水');
INSERT INTO `word` VALUES ('伴我淫');
INSERT INTO `word` VALUES ('住英国房');
INSERT INTO `word` VALUES ('体透视镜');
INSERT INTO `word` VALUES ('佛同修');
INSERT INTO `word` VALUES ('作各种证');
INSERT INTO `word` VALUES ('作弊器');
INSERT INTO `word` VALUES ('作爱');
INSERT INTO `word` VALUES ('作硝化甘');
INSERT INTO `word` VALUES ('你他妈');
INSERT INTO `word` VALUES ('你妈的');
INSERT INTO `word` VALUES ('你妈逼');
INSERT INTO `word` VALUES ('你娘');
INSERT INTO `word` VALUES ('你娘的');
INSERT INTO `word` VALUES ('你的西域');
INSERT INTO `word` VALUES ('佳静安定');
INSERT INTO `word` VALUES ('使劲淫水');
INSERT INTO `word` VALUES ('侦探设备');
INSERT INTO `word` VALUES ('侮辱老师');
INSERT INTO `word` VALUES ('俄羅斯');
INSERT INTO `word` VALUES ('保过答案');
INSERT INTO `word` VALUES ('信接收器');
INSERT INTO `word` VALUES ('信访专班');
INSERT INTO `word` VALUES ('倫公');
INSERT INTO `word` VALUES ('倫功');
INSERT INTO `word` VALUES ('倫攻');
INSERT INTO `word` VALUES ('做ai');
INSERT INTO `word` VALUES ('做原子弹');
INSERT INTO `word` VALUES ('做台');
INSERT INTO `word` VALUES ('做愛');
INSERT INTO `word` VALUES ('做爱');
INSERT INTO `word` VALUES ('做爱小');
INSERT INTO `word` VALUES ('做要带套');
INSERT INTO `word` VALUES ('做证件');
INSERT INTO `word` VALUES ('做鸡');
INSERT INTO `word` VALUES ('偷偷贪');
INSERT INTO `word` VALUES ('偷听器');
INSERT INTO `word` VALUES ('偷情');
INSERT INTO `word` VALUES ('偷欢');
INSERT INTO `word` VALUES ('偷肃贪');
INSERT INTO `word` VALUES ('偷電器');
INSERT INTO `word` VALUES ('催情');
INSERT INTO `word` VALUES ('催情春药');
INSERT INTO `word` VALUES ('催情水');
INSERT INTO `word` VALUES ('催情液');
INSERT INTO `word` VALUES ('催情粉');
INSERT INTO `word` VALUES ('催情药');
INSERT INTO `word` VALUES ('催情藥');
INSERT INTO `word` VALUES ('催情迷昏药');
INSERT INTO `word` VALUES ('催眠水');
INSERT INTO `word` VALUES ('傻B');
INSERT INTO `word` VALUES ('傻X');
INSERT INTO `word` VALUES ('傻逼');
INSERT INTO `word` VALUES ('僵贼');
INSERT INTO `word` VALUES ('僵贼民');
INSERT INTO `word` VALUES ('儿园凶');
INSERT INTO `word` VALUES ('儿园惨');
INSERT INTO `word` VALUES ('儿园杀');
INSERT INTO `word` VALUES ('儿园砍');
INSERT INTO `word` VALUES ('元极功');
INSERT INTO `word` VALUES ('充气娃');
INSERT INTO `word` VALUES ('先天健康法');
INSERT INTO `word` VALUES ('先烈纷纷');
INSERT INTO `word` VALUES ('光学真题');
INSERT INTO `word` VALUES ('克分析');
INSERT INTO `word` VALUES ('克千术');
INSERT INTO `word` VALUES ('克透视');
INSERT INTO `word` VALUES ('免费a片');
INSERT INTO `word` VALUES ('免费偷拍');
INSERT INTO `word` VALUES ('免费激情电影');
INSERT INTO `word` VALUES ('免费铯狐艳书网');
INSERT INTO `word` VALUES ('免费黄色电影');
INSERT INTO `word` VALUES ('党保平安');
INSERT INTO `word` VALUES ('党内危机');
INSERT INTO `word` VALUES ('党内权争');
INSERT INTO `word` VALUES ('党内言事潮');
INSERT INTO `word` VALUES ('党前干劲');
INSERT INTO `word` VALUES ('党后萎');
INSERT INTO `word` VALUES ('党妈妈');
INSERT INTO `word` VALUES ('党棍');
INSERT INTO `word` VALUES ('党棍官僚');
INSERT INTO `word` VALUES ('党的官');
INSERT INTO `word` VALUES ('党禁');
INSERT INTO `word` VALUES ('党风日下');
INSERT INTO `word` VALUES ('入珠环');
INSERT INTO `word` VALUES ('全国二奶');
INSERT INTO `word` VALUES ('全國二奶');
INSERT INTO `word` VALUES ('全套美女');
INSERT INTO `word` VALUES ('全真证');
INSERT INTO `word` VALUES ('兩性淫亂');
INSERT INTO `word` VALUES ('八九学');
INSERT INTO `word` VALUES ('八九学潮');
INSERT INTO `word` VALUES ('八九政治');
INSERT INTO `word` VALUES ('八九民');
INSERT INTO `word` VALUES ('公主ktv');
INSERT INTO `word` VALUES ('公主包厢');
INSERT INTO `word` VALUES ('公产党');
INSERT INTO `word` VALUES ('公关坐台');
INSERT INTO `word` VALUES ('公关夜总会');
INSERT INTO `word` VALUES ('公关女');
INSERT INTO `word` VALUES ('公关小姐');
INSERT INTO `word` VALUES ('公关男');
INSERT INTO `word` VALUES ('公子党');
INSERT INTO `word` VALUES ('公子族');
INSERT INTO `word` VALUES ('公安网监');
INSERT INTO `word` VALUES ('公安错打');
INSERT INTO `word` VALUES ('公开小姐');
INSERT INTO `word` VALUES ('六九体位');
INSERT INTO `word` VALUES ('六合彩');
INSERT INTO `word` VALUES ('六四之役');
INSERT INTO `word` VALUES ('六四事');
INSERT INTO `word` VALUES ('六四事件');
INSERT INTO `word` VALUES ('六四内部日记');
INSERT INTO `word` VALUES ('六四受难者家属证辞');
INSERT INTO `word` VALUES ('六四天网');
INSERT INTO `word` VALUES ('六四学潮');
INSERT INTO `word` VALUES ('六四宣言');
INSERT INTO `word` VALUES ('六四屠城');
INSERT INTO `word` VALUES ('六四屠杀');
INSERT INTO `word` VALUES ('六四惨案');
INSERT INTO `word` VALUES ('六四政变');
INSERT INTO `word` VALUES ('六四母亲');
INSERT INTO `word` VALUES ('六四血案');
INSERT INTO `word` VALUES ('六四青年网');
INSERT INTO `word` VALUES ('六月联盟');
INSERT INTO `word` VALUES ('六死');
INSERT INTO `word` VALUES ('共X党');
INSERT INTO `word` VALUES ('共chang党');
INSERT INTO `word` VALUES ('共产专制');
INSERT INTO `word` VALUES ('共产主义黑皮书');
INSERT INTO `word` VALUES ('共产党专制');
INSERT INTO `word` VALUES ('共产党的报应');
INSERT INTO `word` VALUES ('共产党的末日');
INSERT INTO `word` VALUES ('共产小丑');
INSERT INTO `word` VALUES ('共产无赖');
INSERT INTO `word` VALUES ('共产极权');
INSERT INTO `word` VALUES ('共产王朝');
INSERT INTO `word` VALUES ('共党');
INSERT INTO `word` VALUES ('共军');
INSERT INTO `word` VALUES ('共匪');
INSERT INTO `word` VALUES ('共奴');
INSERT INTO `word` VALUES ('共字玄机');
INSERT INTO `word` VALUES ('共惨党');
INSERT INTO `word` VALUES ('共残党');
INSERT INTO `word` VALUES ('共狗');
INSERT INTO `word` VALUES ('共独');
INSERT INTO `word` VALUES ('共王储');
INSERT INTO `word` VALUES ('共產黨');
INSERT INTO `word` VALUES ('共贼');
INSERT INTO `word` VALUES ('共铲党');
INSERT INTO `word` VALUES ('共青团派');
INSERT INTO `word` VALUES ('共青背景');
INSERT INTO `word` VALUES ('共黨');
INSERT INTO `word` VALUES ('兴中心幼');
INSERT INTO `word` VALUES ('兵运');
INSERT INTO `word` VALUES ('兼职上门');
INSERT INTO `word` VALUES ('兼职哥哥');
INSERT INTO `word` VALUES ('兼职妹妹');
INSERT INTO `word` VALUES ('兼职的妹妹');
INSERT INTO `word` VALUES ('兼职美女');
INSERT INTO `word` VALUES ('兽交');
INSERT INTO `word` VALUES ('内争人权');
INSERT INTO `word` VALUES ('内射');
INSERT INTO `word` VALUES ('冈本真');
INSERT INTO `word` VALUES ('写两会');
INSERT INTO `word` VALUES ('军刺');
INSERT INTO `word` VALUES ('军品特');
INSERT INTO `word` VALUES ('军妓');
INSERT INTO `word` VALUES ('军用手');
INSERT INTO `word` VALUES ('军长发威');
INSERT INTO `word` VALUES ('农运');
INSERT INTO `word` VALUES ('冤民大');
INSERT INTO `word` VALUES ('冰在火上');
INSERT INTO `word` VALUES ('冰毒');
INSERT INTO `word` VALUES ('冰淫传');
INSERT INTO `word` VALUES ('冰火');
INSERT INTO `word` VALUES ('冰火九重');
INSERT INTO `word` VALUES ('冰火佳');
INSERT INTO `word` VALUES ('冰火毒');
INSERT INTO `word` VALUES ('冰火漫');
INSERT INTO `word` VALUES ('冲凉死');
INSERT INTO `word` VALUES ('净白体');
INSERT INTO `word` VALUES ('凌虐玉门');
INSERT INTO `word` VALUES ('出售AV');
INSERT INTO `word` VALUES ('出售军');
INSERT INTO `word` VALUES ('出售冰毒');
INSERT INTO `word` VALUES ('出售冰毒配方');
INSERT INTO `word` VALUES ('出售发票');
INSERT INTO `word` VALUES ('出售处女');
INSERT INTO `word` VALUES ('出售处男');
INSERT INTO `word` VALUES ('出售大量冰毒');
INSERT INTO `word` VALUES ('出售大量冰毒K粉');
INSERT INTO `word` VALUES ('出售妹妹');
INSERT INTO `word` VALUES ('出售春药性药');
INSERT INTO `word` VALUES ('出售毒品配方');
INSERT INTO `word` VALUES ('出售美女');
INSERT INTO `word` VALUES ('出售迷药');
INSERT INTO `word` VALUES ('出售迷魂药');
INSERT INTO `word` VALUES ('出售香港GHB迷幻水');
INSERT INTO `word` VALUES ('出售麻古');
INSERT INTO `word` VALUES ('出成绩付');
INSERT INTO `word` VALUES ('刀架保安');
INSERT INTO `word` VALUES ('切听器');
INSERT INTO `word` VALUES ('划老公');
INSERT INTO `word` VALUES ('则民');
INSERT INTO `word` VALUES ('利他林');
INSERT INTO `word` VALUES ('到花心');
INSERT INTO `word` VALUES ('制作摇头丸配方');
INSERT INTO `word` VALUES ('制作证件');
INSERT INTO `word` VALUES ('制手枪');
INSERT INTO `word` VALUES ('制服诱');
INSERT INTO `word` VALUES ('制服诱惑');
INSERT INTO `word` VALUES ('制证定金');
INSERT INTO `word` VALUES ('割肉人');
INSERT INTO `word` VALUES ('力月西');
INSERT INTO `word` VALUES ('力骗中央');
INSERT INTO `word` VALUES ('办怔');
INSERT INTO `word` VALUES ('办文凭');
INSERT INTO `word` VALUES ('办本科');
INSERT INTO `word` VALUES ('办理各种');
INSERT INTO `word` VALUES ('办理文凭');
INSERT INTO `word` VALUES ('办理本科');
INSERT INTO `word` VALUES ('办理真实');
INSERT INTO `word` VALUES ('办理票据');
INSERT INTO `word` VALUES ('办理证书');
INSERT INTO `word` VALUES ('办理资格');
INSERT INTO `word` VALUES ('办证');
INSERT INTO `word` VALUES ('功友');
INSERT INTO `word` VALUES ('功友弟子');
INSERT INTO `word` VALUES ('功学');
INSERT INTO `word` VALUES ('功学员');
INSERT INTO `word` VALUES ('务员答案');
INSERT INTO `word` VALUES ('务员考试');
INSERT INTO `word` VALUES ('劣等人');
INSERT INTO `word` VALUES ('助考');
INSERT INTO `word` VALUES ('助考网');
INSERT INTO `word` VALUES ('勤捞致');
INSERT INTO `word` VALUES ('包厢公主');
INSERT INTO `word` VALUES ('包娃衣');
INSERT INTO `word` VALUES ('包房公主');
INSERT INTO `word` VALUES ('化学扫盲');
INSERT INTO `word` VALUES ('北京之春');
INSERT INTO `word` VALUES ('北京劲展鹏');
INSERT INTO `word` VALUES ('北京市委黑幕');
INSERT INTO `word` VALUES ('北京战争');
INSERT INTO `word` VALUES ('北京独立');
INSERT INTO `word` VALUES ('北京黑幕');
INSERT INTO `word` VALUES ('北省委门');
INSERT INTO `word` VALUES ('区的雷人');
INSERT INTO `word` VALUES ('十七大幕');
INSERT INTO `word` VALUES ('十七大权力争霸战');
INSERT INTO `word` VALUES ('十个预言');
INSERT INTO `word` VALUES ('十八摸');
INSERT INTO `word` VALUES ('十八禁');
INSERT INTO `word` VALUES ('十八等');
INSERT INTO `word` VALUES ('十六世大宝法王');
INSERT INTO `word` VALUES ('十大独裁');
INSERT INTO `word` VALUES ('十大禁');
INSERT INTO `word` VALUES ('十大谎');
INSERT INTO `word` VALUES ('十类人不');
INSERT INTO `word` VALUES ('十足十恶');
INSERT INTO `word` VALUES ('千禧弘法');
INSERT INTO `word` VALUES ('升天');
INSERT INTO `word` VALUES ('午夜极');
INSERT INTO `word` VALUES ('午夜激情');
INSERT INTO `word` VALUES ('午夜电');
INSERT INTO `word` VALUES ('半刺刀');
INSERT INTO `word` VALUES ('华国锋');
INSERT INTO `word` VALUES ('华藏功');
INSERT INTO `word` VALUES ('华门开');
INSERT INTO `word` VALUES ('协晃悠');
INSERT INTO `word` VALUES ('卖发票');
INSERT INTO `word` VALUES ('卖地财政');
INSERT INTO `word` VALUES ('卖春');
INSERT INTO `word` VALUES ('卖比');
INSERT INTO `word` VALUES ('卖淫');
INSERT INTO `word` VALUES ('卖自考');
INSERT INTO `word` VALUES ('卖逼');
INSERT INTO `word` VALUES ('卖银行卡');
INSERT INTO `word` VALUES ('卖骚');
INSERT INTO `word` VALUES ('南充针');
INSERT INTO `word` VALUES ('博会暂停');
INSERT INTO `word` VALUES ('博园区伪');
INSERT INTO `word` VALUES ('博彩娱');
INSERT INTO `word` VALUES ('卵蛋');
INSERT INTO `word` VALUES ('厅房公主');
INSERT INTO `word` VALUES ('历史篡改者');
INSERT INTO `word` VALUES ('原一九五七');
INSERT INTO `word` VALUES ('原装弹');
INSERT INTO `word` VALUES ('厦门大游行');
INSERT INTO `word` VALUES ('去他娘的');
INSERT INTO `word` VALUES ('去色色');
INSERT INTO `word` VALUES ('双乳');
INSERT INTO `word` VALUES ('双峰');
INSERT INTO `word` VALUES ('双性恋');
INSERT INTO `word` VALUES ('双管平');
INSERT INTO `word` VALUES ('双管立');
INSERT INTO `word` VALUES ('双腿间的禁地');
INSERT INTO `word` VALUES ('反G');
INSERT INTO `word` VALUES ('反中');
INSERT INTO `word` VALUES ('反中共黑色暴力');
INSERT INTO `word` VALUES ('反中游行');
INSERT INTO `word` VALUES ('反党');
INSERT INTO `word` VALUES ('反共');
INSERT INTO `word` VALUES ('反共传单');
INSERT INTO `word` VALUES ('反共言论');
INSERT INTO `word` VALUES ('反右题材');
INSERT INTO `word` VALUES ('反宇宙');
INSERT INTO `word` VALUES ('反对党');
INSERT INTO `word` VALUES ('反对共产主义');
INSERT INTO `word` VALUES ('反对共产党');
INSERT INTO `word` VALUES ('反屏蔽');
INSERT INTO `word` VALUES ('反攻大陆');
INSERT INTO `word` VALUES ('反测速雷');
INSERT INTO `word` VALUES ('反社会');
INSERT INTO `word` VALUES ('反社会主义');
INSERT INTO `word` VALUES ('反禁摩');
INSERT INTO `word` VALUES ('反禁摩签名');
INSERT INTO `word` VALUES ('反雷达测');
INSERT INTO `word` VALUES ('发仑');
INSERT INTO `word` VALUES ('发仑da发');
INSERT INTO `word` VALUES ('发伦');
INSERT INTO `word` VALUES ('发伦功');
INSERT INTO `word` VALUES ('发伦工');
INSERT INTO `word` VALUES ('发囵');
INSERT INTO `word` VALUES ('发情');
INSERT INTO `word` VALUES ('发抡');
INSERT INTO `word` VALUES ('发抡功');
INSERT INTO `word` VALUES ('发正念');
INSERT INTO `word` VALUES ('发沦');
INSERT INTO `word` VALUES ('发浪');
INSERT INTO `word` VALUES ('发牌绝');
INSERT INTO `word` VALUES ('发票代');
INSERT INTO `word` VALUES ('发票出');
INSERT INTO `word` VALUES ('发票销');
INSERT INTO `word` VALUES ('发纶');
INSERT INTO `word` VALUES ('发论');
INSERT INTO `word` VALUES ('发论公');
INSERT INTO `word` VALUES ('发论功');
INSERT INTO `word` VALUES ('发轮');
INSERT INTO `word` VALUES ('发轮功');
INSERT INTO `word` VALUES ('发轮功陈果');
INSERT INTO `word` VALUES ('发骚');
INSERT INTO `word` VALUES ('变牌绝');
INSERT INTO `word` VALUES ('变频棒');
INSERT INTO `word` VALUES ('口交');
INSERT INTO `word` VALUES ('口手枪');
INSERT INTO `word` VALUES ('口活');
INSERT INTO `word` VALUES ('口淫');
INSERT INTO `word` VALUES ('口鉸');
INSERT INTO `word` VALUES ('古方迷香');
INSERT INTO `word` VALUES ('叫小姐');
INSERT INTO `word` VALUES ('叫床');
INSERT INTO `word` VALUES ('叫床女优');
INSERT INTO `word` VALUES ('叫春');
INSERT INTO `word` VALUES ('叫自慰');
INSERT INTO `word` VALUES ('叫鸡');
INSERT INTO `word` VALUES ('台du');
INSERT INTO `word` VALUES ('台人制台');
INSERT INTO `word` VALUES ('台湾AB成人导航');
INSERT INTO `word` VALUES ('台湾共合国');
INSERT INTO `word` VALUES ('台湾团结联盟');
INSERT INTO `word` VALUES ('台湾国');
INSERT INTO `word` VALUES ('台湾应该独立');
INSERT INTO `word` VALUES ('台湾建国运动组织');
INSERT INTO `word` VALUES ('台湾性虎');
INSERT INTO `word` VALUES ('台湾总统');
INSERT INTO `word` VALUES ('台湾政论区');
INSERT INTO `word` VALUES ('台湾有权独立');
INSERT INTO `word` VALUES ('台湾独');
INSERT INTO `word` VALUES ('台湾独立');
INSERT INTO `word` VALUES ('台湾自由联盟');
INSERT INTO `word` VALUES ('台湾青年独立联盟');
INSERT INTO `word` VALUES ('台獨');
INSERT INTO `word` VALUES ('台盟');
INSERT INTO `word` VALUES ('右转是政');
INSERT INTO `word` VALUES ('号屏蔽器');
INSERT INTO `word` VALUES ('司法黑');
INSERT INTO `word` VALUES ('司长期有');
INSERT INTO `word` VALUES ('吃角子老虎');
INSERT INTO `word` VALUES ('各类文凭');
INSERT INTO `word` VALUES ('各类考试');
INSERT INTO `word` VALUES ('合一共融');
INSERT INTO `word` VALUES ('同化大珐');
INSERT INTO `word` VALUES ('同化大珐返本归真');
INSERT INTO `word` VALUES ('同居社区');
INSERT INTO `word` VALUES ('同居社區');
INSERT INTO `word` VALUES ('同志服务');
INSERT INTO `word` VALUES ('同志用品');
INSERT INTO `word` VALUES ('同性恋吧');
INSERT INTO `word` VALUES ('同性服务');
INSERT INTO `word` VALUES ('同淫');
INSERT INTO `word` VALUES ('后面插');
INSERT INTO `word` VALUES ('含鸡鸡');
INSERT INTO `word` VALUES ('吸吮小穴');
INSERT INTO `word` VALUES ('吸吮淫水');
INSERT INTO `word` VALUES ('吸吮阴肉');
INSERT INTO `word` VALUES ('告洋状');
INSERT INTO `word` VALUES ('告长期');
INSERT INTO `word` VALUES ('和奸成瘾');
INSERT INTO `word` VALUES ('和平修练');
INSERT INTO `word` VALUES ('和平演变道路已被中共堵死');
INSERT INTO `word` VALUES ('和狗交');
INSERT INTO `word` VALUES ('和狗做');
INSERT INTO `word` VALUES ('和狗性');
INSERT INTO `word` VALUES ('咏妓');
INSERT INTO `word` VALUES ('哈药直销');
INSERT INTO `word` VALUES ('哲民');
INSERT INTO `word` VALUES ('唐人电视台');
INSERT INTO `word` VALUES ('唑仑');
INSERT INTO `word` VALUES ('售k粉');
INSERT INTO `word` VALUES ('售一元硬');
INSERT INTO `word` VALUES ('售三棱');
INSERT INTO `word` VALUES ('售五四');
INSERT INTO `word` VALUES ('售信用');
INSERT INTO `word` VALUES ('售假币');
INSERT INTO `word` VALUES ('售健卫');
INSERT INTO `word` VALUES ('售冒名');
INSERT INTO `word` VALUES ('售军用');
INSERT INTO `word` VALUES ('售冰毒');
INSERT INTO `word` VALUES ('售单管');
INSERT INTO `word` VALUES ('售子弹');
INSERT INTO `word` VALUES ('售左轮');
INSERT INTO `word` VALUES ('售弹簧刀');
INSERT INTO `word` VALUES ('售手枪');
INSERT INTO `word` VALUES ('售枪支');
INSERT INTO `word` VALUES ('售步枪');
INSERT INTO `word` VALUES ('售氯胺');
INSERT INTO `word` VALUES ('售火药');
INSERT INTO `word` VALUES ('售热武');
INSERT INTO `word` VALUES ('售狗子');
INSERT INTO `word` VALUES ('售猎枪');
INSERT INTO `word` VALUES ('售纯度');
INSERT INTO `word` VALUES ('售虎头');
INSERT INTO `word` VALUES ('售迷药');
INSERT INTO `word` VALUES ('售防身');
INSERT INTO `word` VALUES ('售麻古');
INSERT INTO `word` VALUES ('售麻醉');
INSERT INTO `word` VALUES ('善恶有报');
INSERT INTO `word` VALUES ('喜贪赃');
INSERT INTO `word` VALUES ('喷你');
INSERT INTO `word` VALUES ('喷尿');
INSERT INTO `word` VALUES ('喷潮');
INSERT INTO `word` VALUES ('喷精');
INSERT INTO `word` VALUES ('喷雾型迷药');
INSERT INTO `word` VALUES ('喷雾迷药');
INSERT INTO `word` VALUES ('嗑药');
INSERT INTO `word` VALUES ('嗨妹');
INSERT INTO `word` VALUES ('嗨药');
INSERT INTO `word` VALUES ('四二五事件');
INSERT INTO `word` VALUES ('四二六社论');
INSERT INTO `word` VALUES ('四博会');
INSERT INTO `word` VALUES ('四大扯个');
INSERT INTO `word` VALUES ('四小码');
INSERT INTO `word` VALUES ('四川大地震异象揭密');
INSERT INTO `word` VALUES ('四川独');
INSERT INTO `word` VALUES ('四川独立');
INSERT INTO `word` VALUES ('四无目标');
INSERT INTO `word` VALUES ('四种当');
INSERT INTO `word` VALUES ('四種當');
INSERT INTO `word` VALUES ('回忆六四');
INSERT INTO `word` VALUES ('回民暴动');
INSERT INTO `word` VALUES ('回民猪');
INSERT INTO `word` VALUES ('回汉冲突');
INSERT INTO `word` VALUES ('园凶杀');
INSERT INTO `word` VALUES ('园发生砍');
INSERT INTO `word` VALUES ('园惨案');
INSERT INTO `word` VALUES ('园砍杀');
INSERT INTO `word` VALUES ('园血案');
INSERT INTO `word` VALUES ('围攻上海');
INSERT INTO `word` VALUES ('围攻警');
INSERT INTO `word` VALUES ('国一九五七');
INSERT INTO `word` VALUES ('国之利刃');
INSERT INTO `word` VALUES ('国家吞得');
INSERT INTO `word` VALUES ('国家妓');
INSERT INTO `word` VALUES ('国家软弱');
INSERT INTO `word` VALUES ('国库折');
INSERT INTO `word` VALUES ('国母宋祖英');
INSERT INTO `word` VALUES ('国统会');
INSERT INTO `word` VALUES ('国统纲领');
INSERT INTO `word` VALUES ('国色天香网');
INSERT INTO `word` VALUES ('国际声援西藏');
INSERT INTO `word` VALUES ('国际投注');
INSERT INTO `word` VALUES ('国际援藏网');
INSERT INTO `word` VALUES ('国际西藏运动');
INSERT INTO `word` VALUES ('國內美');
INSERT INTO `word` VALUES ('土匪政府');
INSERT INTO `word` VALUES ('圣战不息');
INSERT INTO `word` VALUES ('圣战组织');
INSERT INTO `word` VALUES ('圣殿教');
INSERT INTO `word` VALUES ('圣灵重建教会');
INSERT INTO `word` VALUES ('地下先烈');
INSERT INTO `word` VALUES ('地下律师服务点');
INSERT INTO `word` VALUES ('地产之歌');
INSERT INTO `word` VALUES ('地磅仪');
INSERT INTO `word` VALUES ('地震哥');
INSERT INTO `word` VALUES ('地震天谴');
INSERT INTO `word` VALUES ('坐交');
INSERT INTO `word` VALUES ('坐台');
INSERT INTO `word` VALUES ('坐台公关');
INSERT INTO `word` VALUES ('坐台小姐');
INSERT INTO `word` VALUES ('坐台少爷');
INSERT INTO `word` VALUES ('坚挺丰满的双峰');
INSERT INTO `word` VALUES ('型手枪');
INSERT INTO `word` VALUES ('城市激情聊天室');
INSERT INTO `word` VALUES ('城管灭');
INSERT INTO `word` VALUES ('基本靠吼');
INSERT INTO `word` VALUES ('塔克拉玛干人权联合会');
INSERT INTO `word` VALUES ('士康事件');
INSERT INTO `word` VALUES ('处女出售');
INSERT INTO `word` VALUES ('处女穴');
INSERT INTO `word` VALUES ('处女终结者');
INSERT INTO `word` VALUES ('处男出售');
INSERT INTO `word` VALUES ('复临安息日会');
INSERT INTO `word` VALUES ('复印件制');
INSERT INTO `word` VALUES ('复印件生');
INSERT INTO `word` VALUES ('外围赌球');
INSERT INTO `word` VALUES ('外蒙回归');
INSERT INTO `word` VALUES ('外透视镜');
INSERT INTO `word` VALUES ('多夜情');
INSERT INTO `word` VALUES ('多美康');
INSERT INTO `word` VALUES ('多美康安定片');
INSERT INTO `word` VALUES ('夜勤病栋');
INSERT INTO `word` VALUES ('夜场兼职');
INSERT INTO `word` VALUES ('夜场女模特');
INSERT INTO `word` VALUES ('夜总会公关');
INSERT INTO `word` VALUES ('夜激情');
INSERT INTO `word` VALUES ('夜色激情导航');
INSERT INTO `word` VALUES ('够鳋');
INSERT INTO `word` VALUES ('大B');
INSERT INTO `word` VALUES ('大b');
INSERT INTO `word` VALUES ('大jj');
INSERT INTO `word` VALUES ('大参考');
INSERT INTO `word` VALUES ('大史纪');
INSERT INTO `word` VALUES ('大善大忍');
INSERT INTO `word` VALUES ('大嘴歌');
INSERT INTO `word` VALUES ('大圆满法');
INSERT INTO `word` VALUES ('大奶mm');
INSERT INTO `word` VALUES ('大奶子');
INSERT INTO `word` VALUES ('大妓院');
INSERT INTO `word` VALUES ('大学暴动');
INSERT INTO `word` VALUES ('大学艳遇');
INSERT INTO `word` VALUES ('大学艳遇史');
INSERT INTO `word` VALUES ('大学骚乱');
INSERT INTO `word` VALUES ('大學騷亂');
INSERT INTO `word` VALUES ('大宝法王');
INSERT INTO `word` VALUES ('大庆工潮');
INSERT INTO `word` VALUES ('大批贪官');
INSERT INTO `word` VALUES ('大揭露');
INSERT INTO `word` VALUES ('大法');
INSERT INTO `word` VALUES ('大法之声');
INSERT INTO `word` VALUES ('大法修炼者');
INSERT INTO `word` VALUES ('大法大福');
INSERT INTO `word` VALUES ('大法大纪园');
INSERT INTO `word` VALUES ('大法师傅');
INSERT INTO `word` VALUES ('大法弟子');
INSERT INTO `word` VALUES ('大法新闻社');
INSERT INTO `word` VALUES ('大法洪传');
INSERT INTO `word` VALUES ('大砝弟子');
INSERT INTO `word` VALUES ('大禁');
INSERT INTO `word` VALUES ('大紀元');
INSERT INTO `word` VALUES ('大纪元');
INSERT INTO `word` VALUES ('大纪元新闻网');
INSERT INTO `word` VALUES ('大纪元时报');
INSERT INTO `word` VALUES ('大纪元杂志');
INSERT INTO `word` VALUES ('大纪园');
INSERT INTO `word` VALUES ('大肉棒');
INSERT INTO `word` VALUES ('大花逼');
INSERT INTO `word` VALUES ('大记元');
INSERT INTO `word` VALUES ('大逼');
INSERT INTO `word` VALUES ('大陆同修');
INSERT INTO `word` VALUES ('大陆独裁者');
INSERT INTO `word` VALUES ('大雞巴');
INSERT INTO `word` VALUES ('大鸡巴');
INSERT INTO `word` VALUES ('天安门事件');
INSERT INTO `word` VALUES ('天安门大屠杀');
INSERT INTO `word` VALUES ('天安门屠杀');
INSERT INTO `word` VALUES ('天推广歌');
INSERT INTO `word` VALUES ('天朝特');
INSERT INTO `word` VALUES ('天津事件');
INSERT INTO `word` VALUES ('天灭中');
INSERT INTO `word` VALUES ('天灭中共');
INSERT INTO `word` VALUES ('天父的儿女');
INSERT INTO `word` VALUES ('天要灭中');
INSERT INTO `word` VALUES ('天音专辑');
INSERT INTO `word` VALUES ('天音功');
INSERT INTO `word` VALUES ('天鹅之旅');
INSERT INTO `word` VALUES ('太子黨');
INSERT INTO `word` VALUES ('太王四神');
INSERT INTO `word` VALUES ('太王四神记');
INSERT INTO `word` VALUES ('太阳圣殿教');
INSERT INTO `word` VALUES ('夫妻交换');
INSERT INTO `word` VALUES ('夫妻友论坛');
INSERT INTO `word` VALUES ('夫妻性事');
INSERT INTO `word` VALUES ('失忆药');
INSERT INTO `word` VALUES ('失意药');
INSERT INTO `word` VALUES ('失意藥');
INSERT INTO `word` VALUES ('失身');
INSERT INTO `word` VALUES ('失身水');
INSERT INTO `word` VALUES ('失身药');
INSERT INTO `word` VALUES ('头双管');
INSERT INTO `word` VALUES ('夹紧肉棒');
INSERT INTO `word` VALUES ('奇淫散');
INSERT INTO `word` VALUES ('奇迹的黄');
INSERT INTO `word` VALUES ('套动');
INSERT INTO `word` VALUES ('套动双乳');
INSERT INTO `word` VALUES ('套动肉棒');
INSERT INTO `word` VALUES ('套弄');
INSERT INTO `word` VALUES ('女ds');
INSERT INTO `word` VALUES ('女上门');
INSERT INTO `word` VALUES ('女人出售');
INSERT INTO `word` VALUES ('女人和狗');
INSERT INTO `word` VALUES ('女人穴');
INSERT INTO `word` VALUES ('女任职名');
INSERT INTO `word` VALUES ('女优');
INSERT INTO `word` VALUES ('女优片');
INSERT INTO `word` VALUES ('女伟哥');
INSERT INTO `word` VALUES ('女体');
INSERT INTO `word` VALUES ('女体图片');
INSERT INTO `word` VALUES ('女優');
INSERT INTO `word` VALUES ('女友坊');
INSERT INTO `word` VALUES ('女士服务');
INSERT INTO `word` VALUES ('女奴');
INSERT INTO `word` VALUES ('女孩上门');
INSERT INTO `word` VALUES ('女性服务');
INSERT INTO `word` VALUES ('女技师');
INSERT INTO `word` VALUES ('女激情');
INSERT INTO `word` VALUES ('女特服');
INSERT INTO `word` VALUES ('女男出售');
INSERT INTO `word` VALUES ('女神教');
INSERT INTO `word` VALUES ('女神欲望图库');
INSERT INTO `word` VALUES ('女被人家搞');
INSERT INTO `word` VALUES ('奶头真红');
INSERT INTO `word` VALUES ('奶子');
INSERT INTO `word` VALUES ('奸成瘾');
INSERT INTO `word` VALUES ('奸杀');
INSERT INTO `word` VALUES ('奸淫');
INSERT INTO `word` VALUES ('奸淫抽插');
INSERT INTO `word` VALUES ('奸魔Ⅱ');
INSERT INTO `word` VALUES ('她的mm');
INSERT INTO `word` VALUES ('好爽');
INSERT INTO `word` VALUES ('好爽用力插穴');
INSERT INTO `word` VALUES ('好痒');
INSERT INTO `word` VALUES ('如厕死');
INSERT INTO `word` VALUES ('妇销魂');
INSERT INTO `word` VALUES ('妈个');
INSERT INTO `word` VALUES ('妈了个逼');
INSERT INTO `word` VALUES ('妈妈的他的');
INSERT INTO `word` VALUES ('妈批');
INSERT INTO `word` VALUES ('妈的');
INSERT INTO `word` VALUES ('妈穴');
INSERT INTO `word` VALUES ('妈逼');
INSERT INTO `word` VALUES ('妓女');
INSERT INTO `word` VALUES ('妓女的口号');
INSERT INTO `word` VALUES ('妓师');
INSERT INTO `word` VALUES ('妞上门');
INSERT INTO `word` VALUES ('妹上门');
INSERT INTO `word` VALUES ('妹妹出售');
INSERT INTO `word` VALUES ('妹妹的屄');
INSERT INTO `word` VALUES ('妹妹穴');
INSERT INTO `word` VALUES ('妹开苞');
INSERT INTO `word` VALUES ('妹按摩');
INSERT INTO `word` VALUES ('妹的服务');
INSERT INTO `word` VALUES ('姐上门');
INSERT INTO `word` VALUES ('姐兼职');
INSERT INTO `word` VALUES ('姐包夜');
INSERT INTO `word` VALUES ('姐姐开苞');
INSERT INTO `word` VALUES ('姐开苞');
INSERT INTO `word` VALUES ('姐服务');
INSERT INTO `word` VALUES ('姐的穴');
INSERT INTO `word` VALUES ('姓忽悠');
INSERT INTO `word` VALUES ('委坐船');
INSERT INTO `word` VALUES ('姚明进去');
INSERT INTO `word` VALUES ('姿不对死');
INSERT INTO `word` VALUES ('娇吟');
INSERT INTO `word` VALUES ('娇吟肉棒');
INSERT INTO `word` VALUES ('娇喘');
INSERT INTO `word` VALUES ('娘两腿之间');
INSERT INTO `word` VALUES ('娱乐透视');
INSERT INTO `word` VALUES ('娶韩国');
INSERT INTO `word` VALUES ('婊子');
INSERT INTO `word` VALUES ('婬水');
INSERT INTO `word` VALUES ('婴儿命');
INSERT INTO `word` VALUES ('媒体封锁');
INSERT INTO `word` VALUES ('媽個');
INSERT INTO `word` VALUES ('媽媽的他的');
INSERT INTO `word` VALUES ('嫖俄罗');
INSERT INTO `word` VALUES ('嫖妓');
INSERT INTO `word` VALUES ('嫖雞');
INSERT INTO `word` VALUES ('嫖鸡');
INSERT INTO `word` VALUES ('嫩b');
INSERT INTO `word` VALUES ('嫩屄');
INSERT INTO `word` VALUES ('嫩穴');
INSERT INTO `word` VALUES ('嫩穴你看');
INSERT INTO `word` VALUES ('嫩逼');
INSERT INTO `word` VALUES ('嫩阴');
INSERT INTO `word` VALUES ('孔摄像');
INSERT INTO `word` VALUES ('字牌汽');
INSERT INTO `word` VALUES ('学位證');
INSERT INTO `word` VALUES ('学潮');
INSERT INTO `word` VALUES ('学潮事件');
INSERT INTO `word` VALUES ('学生信仰');
INSERT INTO `word` VALUES ('学生妹');
INSERT INTO `word` VALUES ('学生妹床上疯狂');
INSERT INTO `word` VALUES ('学生暴动');
INSERT INTO `word` VALUES ('学联');
INSERT INTO `word` VALUES ('学自联');
INSERT INTO `word` VALUES ('学运');
INSERT INTO `word` VALUES ('学运分子');
INSERT INTO `word` VALUES ('学院暴动');
INSERT INTO `word` VALUES ('学骚乱');
INSERT INTO `word` VALUES ('學生妹');
INSERT INTO `word` VALUES ('它妈的');
INSERT INTO `word` VALUES ('宇宙主佛');
INSERT INTO `word` VALUES ('宇宙大法');
INSERT INTO `word` VALUES ('宇宙最高法理');
INSERT INTO `word` VALUES ('守所死法');
INSERT INTO `word` VALUES ('安局办公楼');
INSERT INTO `word` VALUES ('安局豪华');
INSERT INTO `word` VALUES ('安眠藥');
INSERT INTO `word` VALUES ('安街逆');
INSERT INTO `word` VALUES ('安门事');
INSERT INTO `word` VALUES ('安魂网');
INSERT INTO `word` VALUES ('宏志');
INSERT INTO `word` VALUES ('宏恩');
INSERT INTO `word` VALUES ('宏治');
INSERT INTO `word` VALUES ('宏法');
INSERT INTO `word` VALUES ('宗功');
INSERT INTO `word` VALUES ('官也不容');
INSERT INTO `word` VALUES ('官匪一家');
INSERT INTO `word` VALUES ('官商勾');
INSERT INTO `word` VALUES ('官因发帖');
INSERT INTO `word` VALUES ('宙最高法');
INSERT INTO `word` VALUES ('定情粉');
INSERT INTO `word` VALUES ('定情药');
INSERT INTO `word` VALUES ('宝在甘肃修');
INSERT INTO `word` VALUES ('实体娃');
INSERT INTO `word` VALUES ('实学历文');
INSERT INTO `word` VALUES ('实毕业证');
INSERT INTO `word` VALUES ('家一样饱');
INSERT INTO `word` VALUES ('家属被打');
INSERT INTO `word` VALUES ('寂寞少妇');
INSERT INTO `word` VALUES ('密穴');
INSERT INTO `word` VALUES ('富婆包我');
INSERT INTO `word` VALUES ('富婆给废');
INSERT INTO `word` VALUES ('富民穷');
INSERT INTO `word` VALUES ('察象蚂');
INSERT INTO `word` VALUES ('对中共的姑息就是对死难者的残忍');
INSERT INTO `word` VALUES ('对共产党清算');
INSERT INTO `word` VALUES ('对日强硬');
INSERT INTO `word` VALUES ('导人最');
INSERT INTO `word` VALUES ('导人的最');
INSERT INTO `word` VALUES ('导叫失');
INSERT INTO `word` VALUES ('导小商');
INSERT INTO `word` VALUES ('导的情人');
INSERT INTO `word` VALUES ('封圣');
INSERT INTO `word` VALUES ('封锁消');
INSERT INTO `word` VALUES ('射乳');
INSERT INTO `word` VALUES ('射出来');
INSERT INTO `word` VALUES ('射精');
INSERT INTO `word` VALUES ('射网枪');
INSERT INTO `word` VALUES ('将则民');
INSERT INTO `word` VALUES ('尊爵粉');
INSERT INTO `word` VALUES ('小jj');
INSERT INTO `word` VALUES ('小姐上门');
INSERT INTO `word` VALUES ('小姐口活打炮');
INSERT INTO `word` VALUES ('小姐坐台');
INSERT INTO `word` VALUES ('小姐快餐');
INSERT INTO `word` VALUES ('小姐招募');
INSERT INTO `word` VALUES ('小姐招收');
INSERT INTO `word` VALUES ('小姐招聘');
INSERT INTO `word` VALUES ('小姨子穴');
INSERT INTO `word` VALUES ('小屄');
INSERT INTO `word` VALUES ('小穴');
INSERT INTO `word` VALUES ('小穴好舒服');
INSERT INTO `word` VALUES ('小穴淫液');
INSERT INTO `word` VALUES ('小穴鸡巴');
INSERT INTO `word` VALUES ('小穴鸡巴淫水');
INSERT INTO `word` VALUES ('小鸡鸡');
INSERT INTO `word` VALUES ('少儿不宜');
INSERT INTO `word` VALUES ('少儿勿入');
INSERT INTO `word` VALUES ('少女俱乐部');
INSERT INTO `word` VALUES ('少女峰');
INSERT INTO `word` VALUES ('少女高潮');
INSERT INTO `word` VALUES ('少妇');
INSERT INTO `word` VALUES ('少妇熟女');
INSERT INTO `word` VALUES ('少妇白洁');
INSERT INTO `word` VALUES ('少妇穴');
INSERT INTO `word` VALUES ('少妇自拍');
INSERT INTO `word` VALUES ('少年阿宾');
INSERT INTO `word` VALUES ('少爷坐台');
INSERT INTO `word` VALUES ('就去爱');
INSERT INTO `word` VALUES ('就去色色');
INSERT INTO `word` VALUES ('就爱插');
INSERT INTO `word` VALUES ('就爱色');
INSERT INTO `word` VALUES ('就要摸图片网');
INSERT INTO `word` VALUES ('就要色');
INSERT INTO `word` VALUES ('尸博');
INSERT INTO `word` VALUES ('屁眼');
INSERT INTO `word` VALUES ('屁穴');
INSERT INTO `word` VALUES ('屁股肉棒');
INSERT INTO `word` VALUES ('屄儿');
INSERT INTO `word` VALUES ('屄友');
INSERT INTO `word` VALUES ('屄裏');
INSERT INTO `word` VALUES ('屙民');
INSERT INTO `word` VALUES ('属灵教');
INSERT INTO `word` VALUES ('屠杀学生');
INSERT INTO `word` VALUES ('山涉黑');
INSERT INTO `word` VALUES ('岡本真');
INSERT INTO `word` VALUES ('州三箭');
INSERT INTO `word` VALUES ('州大批贪');
INSERT INTO `word` VALUES ('州惨案');
INSERT INTO `word` VALUES ('工力人');
INSERT INTO `word` VALUES ('工程吞得');
INSERT INTO `word` VALUES ('工运');
INSERT INTO `word` VALUES ('左转是政');
INSERT INTO `word` VALUES ('巨乳');
INSERT INTO `word` VALUES ('巨波');
INSERT INTO `word` VALUES ('巴哈依教');
INSERT INTO `word` VALUES ('布卖淫女');
INSERT INTO `word` VALUES ('师父法身');
INSERT INTO `word` VALUES ('希脏');
INSERT INTO `word` VALUES ('帝国之梦');
INSERT INTO `word` VALUES ('席临终前');
INSERT INTO `word` VALUES ('席复活');
INSERT INTO `word` VALUES ('席指着护');
INSERT INTO `word` VALUES ('帮人怀孕');
INSERT INTO `word` VALUES ('幕前戲');
INSERT INTO `word` VALUES ('幕没有不');
INSERT INTO `word` VALUES ('干他');
INSERT INTO `word` VALUES ('干你');
INSERT INTO `word` VALUES ('干你妈');
INSERT INTO `word` VALUES ('干你妈b');
INSERT INTO `word` VALUES ('干你妈逼');
INSERT INTO `word` VALUES ('干你娘');
INSERT INTO `word` VALUES ('干她');
INSERT INTO `word` VALUES ('干妳');
INSERT INTO `word` VALUES ('干妳妈');
INSERT INTO `word` VALUES ('干妳娘');
INSERT INTO `word` VALUES ('干妳老母');
INSERT INTO `word` VALUES ('干扰器');
INSERT INTO `word` VALUES ('干死你');
INSERT INTO `word` VALUES ('干炮');
INSERT INTO `word` VALUES ('平反六四');
INSERT INTO `word` VALUES ('平叫到床');
INSERT INTO `word` VALUES ('平惨案');
INSERT INTO `word` VALUES ('幸运码');
INSERT INTO `word` VALUES ('幼b');
INSERT INTO `word` VALUES ('幼交');
INSERT INTO `word` VALUES ('幼女');
INSERT INTO `word` VALUES ('幼女肉棒');
INSERT INTO `word` VALUES ('幼幼诱女');
INSERT INTO `word` VALUES ('幼穴');
INSERT INTO `word` VALUES ('幼逼');
INSERT INTO `word` VALUES ('幼齿');
INSERT INTO `word` VALUES ('幼齿类');
INSERT INTO `word` VALUES ('幽幽性感写真网');
INSERT INTO `word` VALUES ('幽谷三');
INSERT INTO `word` VALUES ('广场事件');
INSERT INTO `word` VALUES ('广安事件');
INSERT INTO `word` VALUES ('床上功夫');
INSERT INTO `word` VALUES ('床第教战');
INSERT INTO `word` VALUES ('应子弹');
INSERT INTO `word` VALUES ('应招');
INSERT INTO `word` VALUES ('府包庇');
INSERT INTO `word` VALUES ('府集中领');
INSERT INTO `word` VALUES ('废统');
INSERT INTO `word` VALUES ('废除劳教签名');
INSERT INTO `word` VALUES ('庭保养');
INSERT INTO `word` VALUES ('庭妍奢恋');
INSERT INTO `word` VALUES ('庭审直播');
INSERT INTO `word` VALUES ('康没有不');
INSERT INTO `word` VALUES ('康跳楼');
INSERT INTO `word` VALUES ('廣安事件');
INSERT INTO `word` VALUES ('建国党');
INSERT INTO `word` VALUES ('建定防火');
INSERT INTO `word` VALUES ('开周天秘法');
INSERT INTO `word` VALUES ('开垦民主');
INSERT INTO `word` VALUES ('开天目');
INSERT INTO `word` VALUES ('开苞');
INSERT INTO `word` VALUES ('开邓选');
INSERT INTO `word` VALUES ('开锁工具');
INSERT INTO `word` VALUES ('弄穴');
INSERT INTO `word` VALUES ('式粉推');
INSERT INTO `word` VALUES ('弘法');
INSERT INTO `word` VALUES ('弘法会');
INSERT INTO `word` VALUES ('张戎');
INSERT INTO `word` VALUES ('张春桥');
INSERT INTO `word` VALUES ('强j');
INSERT INTO `word` VALUES ('强奸');
INSERT INTO `word` VALUES ('强奸II');
INSERT INTO `word` VALUES ('强奸制服');
INSERT INTO `word` VALUES ('强奸淫水');
INSERT INTO `word` VALUES ('强奸肉棒');
INSERT INTO `word` VALUES ('强姦');
INSERT INTO `word` VALUES ('强效失忆药');
INSERT INTO `word` VALUES ('强效失意药');
INSERT INTO `word` VALUES ('强暴');
INSERT INTO `word` VALUES ('强权政府');
INSERT INTO `word` VALUES ('强烈抗议中共当局');
INSERT INTO `word` VALUES ('强盗警察');
INSERT INTO `word` VALUES ('强硬发言');
INSERT INTO `word` VALUES ('当代七整');
INSERT INTO `word` VALUES ('当官在于');
INSERT INTO `word` VALUES ('当官要精');
INSERT INTO `word` VALUES ('形透视镜');
INSERT INTO `word` VALUES ('径步枪');
INSERT INTO `word` VALUES ('徐玉元');
INSERT INTO `word` VALUES ('得财兼');
INSERT INTO `word` VALUES ('微型摄像');
INSERT INTO `word` VALUES ('心藏大恶');
INSERT INTO `word` VALUES ('志不愿跟');
INSERT INTO `word` VALUES ('忙爱国');
INSERT INTO `word` VALUES ('快操我');
INSERT INTO `word` VALUES ('快速办');
INSERT INTO `word` VALUES ('快餐小姐');
INSERT INTO `word` VALUES ('快餐美女');
INSERT INTO `word` VALUES ('怒的志愿');
INSERT INTO `word` VALUES ('急需嫖');
INSERT INTO `word` VALUES ('性事');
INSERT INTO `word` VALUES ('性交');
INSERT INTO `word` VALUES ('性交大赛');
INSERT INTO `word` VALUES ('性伙伴');
INSERT INTO `word` VALUES ('性伴侣');
INSERT INTO `word` VALUES ('性信息交友');
INSERT INTO `word` VALUES ('性免费电影');
INSERT INTO `word` VALUES ('性友谊');
INSERT INTO `word` VALUES ('性吧');
INSERT INTO `word` VALUES ('性启蒙老师');
INSERT INTO `word` VALUES ('性器');
INSERT INTO `word` VALUES ('性奴');
INSERT INTO `word` VALUES ('性奴营');
INSERT INTO `word` VALUES ('性奴集中营');
INSERT INTO `word` VALUES ('性学教授');
INSERT INTO `word` VALUES ('性开放俱乐部');
INSERT INTO `word` VALUES ('性开放的');
INSERT INTO `word` VALUES ('性息');
INSERT INTO `word` VALUES ('性息网');
INSERT INTO `word` VALUES ('性愛');
INSERT INTO `word` VALUES ('性愛電影');
INSERT INTO `word` VALUES ('性感少');
INSERT INTO `word` VALUES ('性感扑克');
INSERT INTO `word` VALUES ('性感撲克');
INSERT INTO `word` VALUES ('性感沙滩');
INSERT INTO `word` VALUES ('性感沙灘');
INSERT INTO `word` VALUES ('性感猫装');
INSERT INTO `word` VALUES ('性感美女写真');
INSERT INTO `word` VALUES ('性推广歌');
INSERT INTO `word` VALUES ('性教官');
INSERT INTO `word` VALUES ('性服务');
INSERT INTO `word` VALUES ('性服务工作者');
INSERT INTO `word` VALUES ('性欲');
INSERT INTO `word` VALUES ('性欲XY');
INSERT INTO `word` VALUES ('性欲泛滥');
INSERT INTO `word` VALUES ('性欲较强');
INSERT INTO `word` VALUES ('性游戏');
INSERT INTO `word` VALUES ('性爱');
INSERT INTO `word` VALUES ('性爱图片');
INSERT INTO `word` VALUES ('性爱录像');
INSERT INTO `word` VALUES ('性爱教');
INSERT INTO `word` VALUES ('性爱教育');
INSERT INTO `word` VALUES ('性爱文字');
INSERT INTO `word` VALUES ('性爱文学');
INSERT INTO `word` VALUES ('性爱日');
INSERT INTO `word` VALUES ('性爱日记');
INSERT INTO `word` VALUES ('性爱用品');
INSERT INTO `word` VALUES ('性爱电影');
INSERT INTO `word` VALUES ('性爱网');
INSERT INTO `word` VALUES ('性电影');
INSERT INTO `word` VALUES ('性福');
INSERT INTO `word` VALUES ('性福人生');
INSERT INTO `word` VALUES ('性福情');
INSERT INTO `word` VALUES ('性網站');
INSERT INTO `word` VALUES ('性网站');
INSERT INTO `word` VALUES ('性色');
INSERT INTO `word` VALUES ('性色社区');
INSERT INTO `word` VALUES ('性虎');
INSERT INTO `word` VALUES ('性虐');
INSERT INTO `word` VALUES ('性虐待');
INSERT INTO `word` VALUES ('性高潮');
INSERT INTO `word` VALUES ('总会美女');
INSERT INTO `word` VALUES ('恐共');
INSERT INTO `word` VALUES ('恐怖手段');
INSERT INTO `word` VALUES ('恐怖牢笼');
INSERT INTO `word` VALUES ('恐怖牢籠');
INSERT INTO `word` VALUES ('恐惧杀手');
INSERT INTO `word` VALUES ('恐懼殺手');
INSERT INTO `word` VALUES ('恙虫病');
INSERT INTO `word` VALUES ('恩氟烷');
INSERT INTO `word` VALUES ('恩诺欣');
INSERT INTO `word` VALUES ('恶党');
INSERT INTO `word` VALUES ('恶势力插');
INSERT INTO `word` VALUES ('恶势力操');
INSERT INTO `word` VALUES ('恶警');
INSERT INTO `word` VALUES ('情妹妹');
INSERT INTO `word` VALUES ('情感陪护');
INSERT INTO `word` VALUES ('情杀');
INSERT INTO `word` VALUES ('情欲');
INSERT INTO `word` VALUES ('情聊天室');
INSERT INTO `word` VALUES ('情自拍');
INSERT INTO `word` VALUES ('情色');
INSERT INTO `word` VALUES ('情色光碟');
INSERT INTO `word` VALUES ('情色呻吟');
INSERT INTO `word` VALUES ('情色图片');
INSERT INTO `word` VALUES ('情色大片');
INSERT INTO `word` VALUES ('情色小说');
INSERT INTO `word` VALUES ('情色帖图');
INSERT INTO `word` VALUES ('情色影片');
INSERT INTO `word` VALUES ('情色影院');
INSERT INTO `word` VALUES ('情色文学');
INSERT INTO `word` VALUES ('情色电影');
INSERT INTO `word` VALUES ('情色网');
INSERT INTO `word` VALUES ('情色论坛');
INSERT INTO `word` VALUES ('情色贴图');
INSERT INTO `word` VALUES ('情视频');
INSERT INTO `word` VALUES ('惊暴双乳');
INSERT INTO `word` VALUES ('惠澤社群');
INSERT INTO `word` VALUES ('惨绝人寰的大跃进');
INSERT INTO `word` VALUES ('惩公安');
INSERT INTO `word` VALUES ('惩贪难');
INSERT INTO `word` VALUES ('惹的国');
INSERT INTO `word` VALUES ('愚民同');
INSERT INTO `word` VALUES ('愚民政');
INSERT INTO `word` VALUES ('感扑克');
INSERT INTO `word` VALUES ('慈悲功');
INSERT INTO `word` VALUES ('成人bt');
INSERT INTO `word` VALUES ('成人书库');
INSERT INTO `word` VALUES ('成人交友');
INSERT INTO `word` VALUES ('成人俱乐部');
INSERT INTO `word` VALUES ('成人午夜场');
INSERT INTO `word` VALUES ('成人卡通');
INSERT INTO `word` VALUES ('成人卫星频道');
INSERT INTO `word` VALUES ('成人图');
INSERT INTO `word` VALUES ('成人图库');
INSERT INTO `word` VALUES ('成人图片');
INSERT INTO `word` VALUES ('成人圖片');
INSERT INTO `word` VALUES ('成人在线');
INSERT INTO `word` VALUES ('成人在线电影');
INSERT INTO `word` VALUES ('成人导航');
INSERT INTO `word` VALUES ('成人小');
INSERT INTO `word` VALUES ('成人小电影');
INSERT INTO `word` VALUES ('成人小說');
INSERT INTO `word` VALUES ('成人小说');
INSERT INTO `word` VALUES ('成人录像');
INSERT INTO `word` VALUES ('成人影视');
INSERT INTO `word` VALUES ('成人影院');
INSERT INTO `word` VALUES ('成人性爱用品');
INSERT INTO `word` VALUES ('成人文');
INSERT INTO `word` VALUES ('成人文学');
INSERT INTO `word` VALUES ('成人杂志');
INSERT INTO `word` VALUES ('成人漫画');
INSERT INTO `word` VALUES ('成人激情');
INSERT INTO `word` VALUES ('成人激情聊天室');
INSERT INTO `word` VALUES ('成人片');
INSERT INTO `word` VALUES ('成人电');
INSERT INTO `word` VALUES ('成人电影');
INSERT INTO `word` VALUES ('成人电影网');
INSERT INTO `word` VALUES ('成人社区');
INSERT INTO `word` VALUES ('成人社區');
INSERT INTO `word` VALUES ('成人站');
INSERT INTO `word` VALUES ('成人笑');
INSERT INTO `word` VALUES ('成人笑话');
INSERT INTO `word` VALUES ('成人網站');
INSERT INTO `word` VALUES ('成人网');
INSERT INTO `word` VALUES ('成人网淫女');
INSERT INTO `word` VALUES ('成人网站');
INSERT INTO `word` VALUES ('成人聊');
INSERT INTO `word` VALUES ('成人聊天室');
INSERT INTO `word` VALUES ('成人表演');
INSERT INTO `word` VALUES ('成人视');
INSERT INTO `word` VALUES ('成人视频');
INSERT INTO `word` VALUES ('成人视频聊天');
INSERT INTO `word` VALUES ('成人論壇');
INSERT INTO `word` VALUES ('成人论坛');
INSERT INTO `word` VALUES ('成人貼圖');
INSERT INTO `word` VALUES ('成人贴图');
INSERT INTO `word` VALUES ('成人配色');
INSERT INTO `word` VALUES ('成人雜誌');
INSERT INTO `word` VALUES ('成人電影');
INSERT INTO `word` VALUES ('成人频道');
INSERT INTO `word` VALUES ('成佛做主');
INSERT INTO `word` VALUES ('我们自杀吧');
INSERT INTO `word` VALUES ('我包富婆');
INSERT INTO `word` VALUES ('我搞台独');
INSERT INTO `word` VALUES ('我操');
INSERT INTO `word` VALUES ('我操你');
INSERT INTO `word` VALUES ('我日');
INSERT INTO `word` VALUES ('我的性启蒙');
INSERT INTO `word` VALUES ('我的第一次外遇');
INSERT INTO `word` VALUES ('我的西域');
INSERT INTO `word` VALUES ('我草');
INSERT INTO `word` VALUES ('我靠');
INSERT INTO `word` VALUES ('戴海静');
INSERT INTO `word` VALUES ('房贷给废');
INSERT INTO `word` VALUES ('手变牌');
INSERT INTO `word` VALUES ('手拉鸡');
INSERT INTO `word` VALUES ('手木仓');
INSERT INTO `word` VALUES ('手机监');
INSERT INTO `word` VALUES ('手机窃');
INSERT INTO `word` VALUES ('手机跟');
INSERT INTO `word` VALUES ('手机追');
INSERT INTO `word` VALUES ('手槍');
INSERT INTO `word` VALUES ('手淫');
INSERT INTO `word` VALUES ('手狗');
INSERT INTO `word` VALUES ('手答案');
INSERT INTO `word` VALUES ('才知道只生');
INSERT INTO `word` VALUES ('打倒中共');
INSERT INTO `word` VALUES ('打倒共产党');
INSERT INTO `word` VALUES ('打倒温家宝');
INSERT INTO `word` VALUES ('打倒胡锦涛');
INSERT INTO `word` VALUES ('打标语');
INSERT INTO `word` VALUES ('打死人');
INSERT INTO `word` VALUES ('打死经过');
INSERT INTO `word` VALUES ('打炮');
INSERT INTO `word` VALUES ('打砸办公');
INSERT INTO `word` VALUES ('打错门');
INSERT INTO `word` VALUES ('打飞机专');
INSERT INTO `word` VALUES ('打飞机口交打炮');
INSERT INTO `word` VALUES ('扫了爷爷');
INSERT INTO `word` VALUES ('找女');
INSERT INTO `word` VALUES ('找援交');
INSERT INTO `word` VALUES ('找政法委副');
INSERT INTO `word` VALUES ('找枪手');
INSERT INTO `word` VALUES ('找男');
INSERT INTO `word` VALUES ('把学生整');
INSERT INTO `word` VALUES ('把病人整');
INSERT INTO `word` VALUES ('把邓小平');
INSERT INTO `word` VALUES ('抗议中共当局');
INSERT INTO `word` VALUES ('抠b');
INSERT INTO `word` VALUES ('抠逼');
INSERT INTO `word` VALUES ('抡功');
INSERT INTO `word` VALUES ('抢其火炬');
INSERT INTO `word` VALUES ('抢圣火');
INSERT INTO `word` VALUES ('抢粮记');
INSERT INTO `word` VALUES ('护士24点');
INSERT INTO `word` VALUES ('护士的穴');
INSERT INTO `word` VALUES ('护法');
INSERT INTO `word` VALUES ('报复执法');
INSERT INTO `word` VALUES ('报码聊天');
INSERT INTO `word` VALUES ('报禁');
INSERT INTO `word` VALUES ('报禁党禁');
INSERT INTO `word` VALUES ('抵制北京奥运');
INSERT INTO `word` VALUES ('抽弄');
INSERT INTO `word` VALUES ('抽捣');
INSERT INTO `word` VALUES ('抽插');
INSERT INTO `word` VALUES ('抽插搓揉乳房');
INSERT INTO `word` VALUES ('抽着大中');
INSERT INTO `word` VALUES ('抽着芙蓉');
INSERT INTO `word` VALUES ('抽送');
INSERT INTO `word` VALUES ('拆迁灭');
INSERT INTO `word` VALUES ('拉帮游说');
INSERT INTO `word` VALUES ('拉开水晶');
INSERT INTO `word` VALUES ('拉登说');
INSERT INTO `word` VALUES ('拉萨事件');
INSERT INTO `word` VALUES ('拍丸');
INSERT INTO `word` VALUES ('拍肩型');
INSERT INTO `word` VALUES ('拍肩神');
INSERT INTO `word` VALUES ('拍肩神药');
INSERT INTO `word` VALUES ('拍肩神藥');
INSERT INTO `word` VALUES ('拍肩粉');
INSERT INTO `word` VALUES ('拍肩药');
INSERT INTO `word` VALUES ('拍肩迷');
INSERT INTO `word` VALUES ('拍花子');
INSERT INTO `word` VALUES ('招募小姐');
INSERT INTO `word` VALUES ('招坐台小姐');
INSERT INTO `word` VALUES ('招坐台少爷');
INSERT INTO `word` VALUES ('招妓');
INSERT INTO `word` VALUES ('招聘公主');
INSERT INTO `word` VALUES ('招聘兼职美女');
INSERT INTO `word` VALUES ('招聘坐台小姐');
INSERT INTO `word` VALUES ('招聘坐台少爷');
INSERT INTO `word` VALUES ('招聘小姐');
INSERT INTO `word` VALUES ('拟涛哥');
INSERT INTO `word` VALUES ('拦截器');
INSERT INTO `word` VALUES ('择民');
INSERT INTO `word` VALUES ('择油录');
INSERT INTO `word` VALUES ('指纹套');
INSERT INTO `word` VALUES ('指纹考勤');
INSERT INTO `word` VALUES ('指纹膜');
INSERT INTO `word` VALUES ('按摩小姐');
INSERT INTO `word` VALUES ('按摩棒');
INSERT INTO `word` VALUES ('挤乳汁');
INSERT INTO `word` VALUES ('挨了一炮');
INSERT INTO `word` VALUES ('挫仑');
INSERT INTO `word` VALUES ('挺动');
INSERT INTO `word` VALUES ('挺胡');
INSERT INTO `word` VALUES ('捅你');
INSERT INTO `word` VALUES ('捅我');
INSERT INTO `word` VALUES ('换偶');
INSERT INTO `word` VALUES ('换妻');
INSERT INTO `word` VALUES ('换妻俱乐部');
INSERT INTO `word` VALUES ('据说全民');
INSERT INTO `word` VALUES ('探测狗');
INSERT INTO `word` VALUES ('控制媒');
INSERT INTO `word` VALUES ('控诉世博');
INSERT INTO `word` VALUES ('推油');
INSERT INTO `word` VALUES ('推油按');
INSERT INTO `word` VALUES ('推翻专制独裁的共产党');
INSERT INTO `word` VALUES ('推翻社会主义制度');
INSERT INTO `word` VALUES ('提供K粉');
INSERT INTO `word` VALUES ('提供小姐');
INSERT INTO `word` VALUES ('插B');
INSERT INTO `word` VALUES ('插他');
INSERT INTO `word` VALUES ('插你');
INSERT INTO `word` VALUES ('插你的下面');
INSERT INTO `word` VALUES ('插入穴');
INSERT INTO `word` VALUES ('插女');
INSERT INTO `word` VALUES ('插她');
INSERT INTO `word` VALUES ('插妹妹');
INSERT INTO `word` VALUES ('插屁屁');
INSERT INTO `word` VALUES ('插弄');
INSERT INTO `word` VALUES ('插我');
INSERT INTO `word` VALUES ('插插');
INSERT INTO `word` VALUES ('插爆');
INSERT INTO `word` VALUES ('插的好舒服');
INSERT INTO `word` VALUES ('插的好舒适');
INSERT INTO `word` VALUES ('插穴');
INSERT INTO `word` VALUES ('插肉');
INSERT INTO `word` VALUES ('插肛');
INSERT INTO `word` VALUES ('插进你下面');
INSERT INTO `word` VALUES ('插进你的下面');
INSERT INTO `word` VALUES ('插进来');
INSERT INTO `word` VALUES ('插进穴');
INSERT INTO `word` VALUES ('插逼');
INSERT INTO `word` VALUES ('換妻');
INSERT INTO `word` VALUES ('揭批书');
INSERT INTO `word` VALUES ('揭贪难');
INSERT INTO `word` VALUES ('援交');
INSERT INTO `word` VALUES ('援藏网');
INSERT INTO `word` VALUES ('搅珠');
INSERT INTO `word` VALUES ('搔穴');
INSERT INTO `word` VALUES ('搖頭丸');
INSERT INTO `word` VALUES ('搞个处女');
INSERT INTO `word` VALUES ('搞媛交');
INSERT INTO `word` VALUES ('搞客吧');
INSERT INTO `word` VALUES ('摇头丸');
INSERT INTO `word` VALUES ('摇头玩');
INSERT INTO `word` VALUES ('摩小姐');
INSERT INTO `word` VALUES ('摩的司机大游行');
INSERT INTO `word` VALUES ('摩门教');
INSERT INTO `word` VALUES ('摸奶');
INSERT INTO `word` VALUES ('摸奶门');
INSERT INTO `word` VALUES ('摸胸');
INSERT INTO `word` VALUES ('擄童割器官');
INSERT INTO `word` VALUES ('操B');
INSERT INTO `word` VALUES ('操了嫂');
INSERT INTO `word` VALUES ('操他');
INSERT INTO `word` VALUES ('操你');
INSERT INTO `word` VALUES ('操你妈');
INSERT INTO `word` VALUES ('操你娘');
INSERT INTO `word` VALUES ('操你媽');
INSERT INTO `word` VALUES ('操共产党');
INSERT INTO `word` VALUES ('操嫂子');
INSERT INTO `word` VALUES ('操小逼');
INSERT INTO `word` VALUES ('操弄');
INSERT INTO `word` VALUES ('操弄肉棒');
INSERT INTO `word` VALUES ('操我');
INSERT INTO `word` VALUES ('操死');
INSERT INTO `word` VALUES ('操比');
INSERT INTO `word` VALUES ('操穴');
INSERT INTO `word` VALUES ('操蛋');
INSERT INTO `word` VALUES ('操逼');
INSERT INTO `word` VALUES ('擠乳汁');
INSERT INTO `word` VALUES ('支持台湾独立');
INSERT INTO `word` VALUES ('支联会');
INSERT INTO `word` VALUES ('支那');
INSERT INTO `word` VALUES ('支那猪');
INSERT INTO `word` VALUES ('改号软件');
INSERT INTO `word` VALUES ('攻击党政');
INSERT INTO `word` VALUES ('攻官小姐');
INSERT INTO `word` VALUES ('放入春药');
INSERT INTO `word` VALUES ('放荡青春');
INSERT INTO `word` VALUES ('政府操');
INSERT INTO `word` VALUES ('政府无能');
INSERT INTO `word` VALUES ('政府软弱');
INSERT INTO `word` VALUES ('政治人祸的源头');
INSERT INTO `word` VALUES ('政治侦察学');
INSERT INTO `word` VALUES ('政治小丑');
INSERT INTO `word` VALUES ('政治恶棍');
INSERT INTO `word` VALUES ('政治诉求');
INSERT INTO `word` VALUES ('政论区');
INSERT INTO `word` VALUES ('救度一切众生');
INSERT INTO `word` VALUES ('救度世人');
INSERT INTO `word` VALUES ('救度众生说');
INSERT INTO `word` VALUES ('教徒人权');
INSERT INTO `word` VALUES ('敬请忍');
INSERT INTO `word` VALUES ('文凭证');
INSERT INTO `word` VALUES ('文强');
INSERT INTO `word` VALUES ('文革是毛的民主试验');
INSERT INTO `word` VALUES ('新党');
INSERT INTO `word` VALUES ('新唐人');
INSERT INTO `word` VALUES ('新唐人晚会');
INSERT INTO `word` VALUES ('新唐人电视台');
INSERT INTO `word` VALUES ('新建户');
INSERT INTO `word` VALUES ('新搪人');
INSERT INTO `word` VALUES ('新搪人电视台');
INSERT INTO `word` VALUES ('新疆人七月四日哀悼');
INSERT INTO `word` VALUES ('新疆分裂主义');
INSERT INTO `word` VALUES ('新疆反恐纪实');
INSERT INTO `word` VALUES ('新疆叛');
INSERT INTO `word` VALUES ('新疆暴乱');
INSERT INTO `word` VALUES ('新疆暴力');
INSERT INTO `word` VALUES ('新疆独');
INSERT INTO `word` VALUES ('新疆独立');
INSERT INTO `word` VALUES ('新疆獨立');
INSERT INTO `word` VALUES ('新疆限');
INSERT INTO `word` VALUES ('新约教会');
INSERT INTO `word` VALUES ('新观察论坛');
INSERT INTO `word` VALUES ('新语丝');
INSERT INTO `word` VALUES ('新诸侯');
INSERT INTO `word` VALUES ('新金瓶');
INSERT INTO `word` VALUES ('方迷香');
INSERT INTO `word` VALUES ('无人性的政权');
INSERT INTO `word` VALUES ('无官正');
INSERT INTO `word` VALUES ('无帮国');
INSERT INTO `word` VALUES ('无码');
INSERT INTO `word` VALUES ('无码专');
INSERT INTO `word` VALUES ('无耻语录');
INSERT INTO `word` VALUES ('日他');
INSERT INTO `word` VALUES ('日你');
INSERT INTO `word` VALUES ('日你妈');
INSERT INTO `word` VALUES ('日你妹');
INSERT INTO `word` VALUES ('日您');
INSERT INTO `word` VALUES ('日批');
INSERT INTO `word` VALUES ('日月气功');
INSERT INTO `word` VALUES ('日本变态嫖客');
INSERT INTO `word` VALUES ('日本幼女吃棒吞精淫图');
INSERT INTO `word` VALUES ('日死你');
INSERT INTO `word` VALUES ('日逼');
INSERT INTO `word` VALUES ('旧民运');
INSERT INTO `word` VALUES ('昆仑女神功');
INSERT INTO `word` VALUES ('明hui');
INSERT INTO `word` VALUES ('明心网');
INSERT INTO `word` VALUES ('明思网');
INSERT INTO `word` VALUES ('明慧');
INSERT INTO `word` VALUES ('明慧网');
INSERT INTO `word` VALUES ('明星人体吧');
INSERT INTO `word` VALUES ('昏药');
INSERT INTO `word` VALUES ('昏藥');
INSERT INTO `word` VALUES ('昏迷剂');
INSERT INTO `word` VALUES ('昝爱宗');
INSERT INTO `word` VALUES ('星上门');
INSERT INTO `word` VALUES ('星光伴我淫');
INSERT INTO `word` VALUES ('春宫');
INSERT INTO `word` VALUES ('春宫图');
INSERT INTO `word` VALUES ('春宵');
INSERT INTO `word` VALUES ('春水横溢');
INSERT INTO `word` VALUES ('春药');
INSERT INTO `word` VALUES ('春药嫩穴');
INSERT INTO `word` VALUES ('春藥');
INSERT INTO `word` VALUES ('是中国社会的爱滋病');
INSERT INTO `word` VALUES ('是躲猫');
INSERT INTO `word` VALUES ('昼将近');
INSERT INTO `word` VALUES ('晕倒型');
INSERT INTO `word` VALUES ('普提功');
INSERT INTO `word` VALUES ('普通嘌');
INSERT INTO `word` VALUES ('景德镇');
INSERT INTO `word` VALUES ('晶白体');
INSERT INTO `word` VALUES ('暧昧贴图论坛');
INSERT INTO `word` VALUES ('暴乱');
INSERT INTO `word` VALUES ('暴亂');
INSERT INTO `word` VALUES ('暴动');
INSERT INTO `word` VALUES ('暴動');
INSERT INTO `word` VALUES ('暴干');
INSERT INTO `word` VALUES ('暴政');
INSERT INTO `word` VALUES ('暴菊');
INSERT INTO `word` VALUES ('曾道人');
INSERT INTO `word` VALUES ('曾道人内部');
INSERT INTO `word` VALUES ('替人体');
INSERT INTO `word` VALUES ('替考');
INSERT INTO `word` VALUES ('最新黄站');
INSERT INTO `word` VALUES ('最淫官员');
INSERT INTO `word` VALUES ('最牛公安');
INSERT INTO `word` VALUES ('會陰');
INSERT INTO `word` VALUES ('有奶不一');
INSERT INTO `word` VALUES ('朝河兰');
INSERT INTO `word` VALUES ('朝河蘭');
INSERT INTO `word` VALUES ('期货配');
INSERT INTO `word` VALUES ('木齐针');
INSERT INTO `word` VALUES ('未来震源');
INSERT INTO `word` VALUES ('末世劫难');
INSERT INTO `word` VALUES ('末世论');
INSERT INTO `word` VALUES ('本公司担');
INSERT INTO `word` VALUES ('本无码');
INSERT INTO `word` VALUES ('术牌具');
INSERT INTO `word` VALUES ('朱基');
INSERT INTO `word` VALUES ('朱毛');
INSERT INTO `word` VALUES ('朱溶剂');
INSERT INTO `word` VALUES ('朱颜血');
INSERT INTO `word` VALUES ('朴鸣呼');
INSERT INTO `word` VALUES ('机卡密');
INSERT INTO `word` VALUES ('机号卫');
INSERT INTO `word` VALUES ('机号定');
INSERT INTO `word` VALUES ('机定位器');
INSERT INTO `word` VALUES ('机屏蔽器');
INSERT INTO `word` VALUES ('杀人事件');
INSERT INTO `word` VALUES ('杀人盗器官');
INSERT INTO `word` VALUES ('杀害学生');
INSERT INTO `word` VALUES ('杀庄');
INSERT INTO `word` VALUES ('杀庄一肖');
INSERT INTO `word` VALUES ('杀指南');
INSERT INTO `word` VALUES ('杀民迎佛');
INSERT INTO `word` VALUES ('杀猪粉');
INSERT INTO `word` VALUES ('杀黑庄');
INSERT INTO `word` VALUES ('杂种');
INSERT INTO `word` VALUES ('权斗');
INSERT INTO `word` VALUES ('李三共志');
INSERT INTO `word` VALUES ('李咏曰');
INSERT INTO `word` VALUES ('李大尸');
INSERT INTO `word` VALUES ('李大轮子');
INSERT INTO `word` VALUES ('李宏志');
INSERT INTO `word` VALUES ('李宏智');
INSERT INTO `word` VALUES ('李宏治');
INSERT INTO `word` VALUES ('李弘旨');
INSERT INTO `word` VALUES ('李洪X');
INSERT INTO `word` VALUES ('李洪宽');
INSERT INTO `word` VALUES ('李洪志');
INSERT INTO `word` VALUES ('李洪智');
INSERT INTO `word` VALUES ('李洪痣');
INSERT INTO `word` VALUES ('李洪誌');
INSERT INTO `word` VALUES ('李红志');
INSERT INTO `word` VALUES ('李红智');
INSERT INTO `word` VALUES ('李红痔');
INSERT INTO `word` VALUES ('李鸿志');
INSERT INTO `word` VALUES ('李鸿智');
INSERT INTO `word` VALUES ('来福猎');
INSERT INTO `word` VALUES ('東京熱');
INSERT INTO `word` VALUES ('极品穴');
INSERT INTO `word` VALUES ('极色社区');
INSERT INTO `word` VALUES ('林彪事件真相');
INSERT INTO `word` VALUES ('枪决女犯');
INSERT INTO `word` VALUES ('枪决现场');
INSERT INTO `word` VALUES ('枪出售');
INSERT INTO `word` VALUES ('枪子弹');
INSERT INTO `word` VALUES ('枪手网');
INSERT INTO `word` VALUES ('枪手队');
INSERT INTO `word` VALUES ('枪械制');
INSERT INTO `word` VALUES ('枪模');
INSERT INTO `word` VALUES ('枪油');
INSERT INTO `word` VALUES ('枪淫少妇');
INSERT INTO `word` VALUES ('枪的分');
INSERT INTO `word` VALUES ('枪的制');
INSERT INTO `word` VALUES ('枪的参');
INSERT INTO `word` VALUES ('枪的结');
INSERT INTO `word` VALUES ('枪货到');
INSERT INTO `word` VALUES ('枪货到付款');
INSERT INTO `word` VALUES ('枪销售');
INSERT INTO `word` VALUES ('柔胸粉');
INSERT INTO `word` VALUES ('校骚乱');
INSERT INTO `word` VALUES ('根浴');
INSERT INTO `word` VALUES ('格庵遗录');
INSERT INTO `word` VALUES ('格证考试');
INSERT INTO `word` VALUES ('案的准确');
INSERT INTO `word` VALUES ('梁擎墩');
INSERT INTO `word` VALUES ('梓健特药');
INSERT INTO `word` VALUES ('梦中的女孩');
INSERT INTO `word` VALUES ('梦娃网');
INSERT INTO `word` VALUES ('梦网洪志');
INSERT INTO `word` VALUES ('植物冰');
INSERT INTO `word` VALUES ('槍決女犯');
INSERT INTO `word` VALUES ('槍決現場');
INSERT INTO `word` VALUES ('次通过考');
INSERT INTO `word` VALUES ('欧洲圆明网');
INSERT INTO `word` VALUES ('欧美淫乱');
INSERT INTO `word` VALUES ('欧美色图');
INSERT INTO `word` VALUES ('欲仙欲死');
INSERT INTO `word` VALUES ('欲望之血');
INSERT INTO `word` VALUES ('欲望候车室');
INSERT INTO `word` VALUES ('欲望地下城');
INSERT INTO `word` VALUES ('欲望格斗');
INSERT INTO `word` VALUES ('欲望格鬥');
INSERT INTO `word` VALUES ('欲火高涨');
INSERT INTO `word` VALUES ('欲火高涨抽插');
INSERT INTO `word` VALUES ('欲生欲死');
INSERT INTO `word` VALUES ('正义党论坛');
INSERT INTO `word` VALUES ('正信');
INSERT INTO `word` VALUES ('正念');
INSERT INTO `word` VALUES ('正念正行');
INSERT INTO `word` VALUES ('正法');
INSERT INTO `word` VALUES ('正法时期');
INSERT INTO `word` VALUES ('正派民运');
INSERT INTO `word` VALUES ('正邪大决战');
INSERT INTO `word` VALUES ('武腾兰');
INSERT INTO `word` VALUES ('武藤兰');
INSERT INTO `word` VALUES ('武藤蘭');
INSERT INTO `word` VALUES ('武装反抗');
INSERT INTO `word` VALUES ('武警已增');
INSERT INTO `word` VALUES ('武警暴');
INSERT INTO `word` VALUES ('武警殴');
INSERT INTO `word` VALUES ('死亡日志');
INSERT INTO `word` VALUES ('死亡日誌');
INSERT INTO `word` VALUES ('死亡笔记');
INSERT INTO `word` VALUES ('死亡筆記');
INSERT INTO `word` VALUES ('死刑枪毙');
INSERT INTO `word` VALUES ('死刑犯图片');
INSERT INTO `word` VALUES ('死刑犯现场枪毙');
INSERT INTO `word` VALUES ('死法分布');
INSERT INTO `word` VALUES ('死要见毛');
INSERT INTO `word` VALUES ('殉道圣人');
INSERT INTO `word` VALUES ('殖器护');
INSERT INTO `word` VALUES ('母之欲火');
INSERT INTO `word` VALUES ('母乳家');
INSERT INTO `word` VALUES ('母子乱伦');
INSERT INTO `word` VALUES ('母子情欲小说');
INSERT INTO `word` VALUES ('每周一死');
INSERT INTO `word` VALUES ('毒蛇钻');
INSERT INTO `word` VALUES ('毕业證');
INSERT INTO `word` VALUES ('毛一鮮');
INSERT INTO `word` VALUES ('毛一鲜');
INSERT INTO `word` VALUES ('毛主席复活');
INSERT INTO `word` VALUES ('毛主席小平床');
INSERT INTO `word` VALUES ('毛主席復活');
INSERT INTO `word` VALUES ('毛共');
INSERT INTO `word` VALUES ('毛厕东');
INSERT INTO `word` VALUES ('毛厕洞');
INSERT INTO `word` VALUES ('毛妹妹社区');
INSERT INTO `word` VALUES ('毛时代大饥荒揭秘');
INSERT INTO `word` VALUES ('毛泽东复活');
INSERT INTO `word` VALUES ('毛派');
INSERT INTO `word` VALUES ('毛爷爷复活');
INSERT INTO `word` VALUES ('毛片');
INSERT INTO `word` VALUES ('毛穴');
INSERT INTO `word` VALUES ('毛贼东');
INSERT INTO `word` VALUES ('毛都露出');
INSERT INTO `word` VALUES ('民为法执');
INSERT INTO `word` VALUES ('民主不能等待');
INSERT INTO `word` VALUES ('民主之声');
INSERT INTO `word` VALUES ('民主墙');
INSERT INTO `word` VALUES ('民主女神');
INSERT INTO `word` VALUES ('民主论坛');
INSERT INTO `word` VALUES ('民主评论');
INSERT INTO `word` VALUES ('民主还专政');
INSERT INTO `word` VALUES ('民九亿商');
INSERT INTO `word` VALUES ('民储害');
INSERT INTO `word` VALUES ('民意论坛');
INSERT INTO `word` VALUES ('民抗议');
INSERT INTO `word` VALUES ('民殇');
INSERT INTO `word` VALUES ('民猪');
INSERT INTO `word` VALUES ('民联');
INSERT INTO `word` VALUES ('民运');
INSERT INTO `word` VALUES ('民运信息中心');
INSERT INTO `word` VALUES ('民运分子');
INSERT INTO `word` VALUES ('民选参政');
INSERT INTO `word` VALUES ('民運');
INSERT INTO `word` VALUES ('民阵');
INSERT INTO `word` VALUES ('氓培训');
INSERT INTO `word` VALUES ('气枪');
INSERT INTO `word` VALUES ('气狗');
INSERT INTO `word` VALUES ('氟硝西泮');
INSERT INTO `word` VALUES ('氢弹手');
INSERT INTO `word` VALUES ('氣槍');
INSERT INTO `word` VALUES ('氯三苯乙烯');
INSERT INTO `word` VALUES ('氯硝安定');
INSERT INTO `word` VALUES ('氯胺酮');
INSERT INTO `word` VALUES ('氰化钠');
INSERT INTO `word` VALUES ('氰化钾');
INSERT INTO `word` VALUES ('水晶冰凤');
INSERT INTO `word` VALUES ('水阎王');
INSERT INTO `word` VALUES ('氵去');
INSERT INTO `word` VALUES ('氵去车仑工力');
INSERT INTO `word` VALUES ('汕尾事件');
INSERT INTO `word` VALUES ('江core');
INSERT INTO `word` VALUES ('江ze民');
INSERT INTO `word` VALUES ('江z民');
INSERT INTO `word` VALUES ('江三条腿');
INSERT INTO `word` VALUES ('江三秀');
INSERT INTO `word` VALUES ('江丑闻');
INSERT INTO `word` VALUES ('江主席一党专制');
INSERT INTO `word` VALUES ('江二世');
INSERT INTO `word` VALUES ('江人马');
INSERT INTO `word` VALUES ('江作秀');
INSERT INTO `word` VALUES ('江八点');
INSERT INTO `word` VALUES ('江则民');
INSERT INTO `word` VALUES ('江太上');
INSERT INTO `word` VALUES ('江嫡系');
INSERT INTO `word` VALUES ('江宋');
INSERT INTO `word` VALUES ('江宰民');
INSERT INTO `word` VALUES ('江家帮');
INSERT INTO `word` VALUES ('江恶人');
INSERT INTO `word` VALUES ('江戏子');
INSERT INTO `word` VALUES ('江折民');
INSERT INTO `word` VALUES ('江择min');
INSERT INTO `word` VALUES ('江昏君');
INSERT INTO `word` VALUES ('江核心');
INSERT INTO `word` VALUES ('江梳头');
INSERT INTO `word` VALUES ('江毒');
INSERT INTO `word` VALUES ('江氏');
INSERT INTO `word` VALUES ('江氏家族');
INSERT INTO `word` VALUES ('江氏政治委员');
INSERT INTO `word` VALUES ('江氏政治局');
INSERT INTO `word` VALUES ('江氏集团');
INSERT INTO `word` VALUES ('江泽公审');
INSERT INTO `word` VALUES ('江泽民宋祖英');
INSERT INTO `word` VALUES ('江泽民瑞士');
INSERT INTO `word` VALUES ('江派');
INSERT INTO `word` VALUES ('江派人马');
INSERT INTO `word` VALUES ('江派和胡派');
INSERT INTO `word` VALUES ('江流氓');
INSERT INTO `word` VALUES ('江浙民');
INSERT INTO `word` VALUES ('江湖淫娘');
INSERT INTO `word` VALUES ('江澤民');
INSERT INTO `word` VALUES ('江牌');
INSERT INTO `word` VALUES ('江独裁');
INSERT INTO `word` VALUES ('江猪');
INSERT INTO `word` VALUES ('江猪媳');
INSERT INTO `word` VALUES ('江理论');
INSERT INTO `word` VALUES ('江神经');
INSERT INTO `word` VALUES ('江祸心');
INSERT INTO `word` VALUES ('江系');
INSERT INTO `word` VALUES ('江系人');
INSERT INTO `word` VALUES ('江系人马');
INSERT INTO `word` VALUES ('江罗');
INSERT INTO `word` VALUES ('江罗集团');
INSERT INTO `word` VALUES ('江老贼');
INSERT INTO `word` VALUES ('江者民');
INSERT INTO `word` VALUES ('江胡');
INSERT INTO `word` VALUES ('江胡内斗');
INSERT INTO `word` VALUES ('江蛤蟆');
INSERT INTO `word` VALUES ('江责民');
INSERT INTO `word` VALUES ('江贼');
INSERT INTO `word` VALUES ('江贼民');
INSERT INTO `word` VALUES ('江路线');
INSERT INTO `word` VALUES ('江驴');
INSERT INTO `word` VALUES ('江鬼');
INSERT INTO `word` VALUES ('江魔头');
INSERT INTO `word` VALUES ('江黑心');
INSERT INTO `word` VALUES ('汽枪');
INSERT INTO `word` VALUES ('汽狗');
INSERT INTO `word` VALUES ('沁园春萨达姆');
INSERT INTO `word` VALUES ('沈昌人体科技');
INSERT INTO `word` VALUES ('沈昌功');
INSERT INTO `word` VALUES ('沙皇李长春');
INSERT INTO `word` VALUES ('沦公');
INSERT INTO `word` VALUES ('沦功');
INSERT INTO `word` VALUES ('沦攻');
INSERT INTO `word` VALUES ('泄漏的内');
INSERT INTO `word` VALUES ('法0功');
INSERT INTO `word` VALUES ('法L');
INSERT INTO `word` VALUES ('法L功');
INSERT INTO `word` VALUES ('法O功');
INSERT INTO `word` VALUES ('法X功');
INSERT INTO `word` VALUES ('法lun');
INSERT INTO `word` VALUES ('法lun功');
INSERT INTO `word` VALUES ('法一轮');
INSERT INTO `word` VALUES ('法仑');
INSERT INTO `word` VALUES ('法仑功');
INSERT INTO `word` VALUES ('法伦');
INSERT INTO `word` VALUES ('法伦功');
INSERT INTO `word` VALUES ('法倫');
INSERT INTO `word` VALUES ('法力像佛');
INSERT INTO `word` VALUES ('法功');
INSERT INTO `word` VALUES ('法十轮十功');
INSERT INTO `word` VALUES ('法囵');
INSERT INTO `word` VALUES ('法愣');
INSERT INTO `word` VALUES ('法抡');
INSERT INTO `word` VALUES ('法抡功');
INSERT INTO `word` VALUES ('法某功');
INSERT INTO `word` VALUES ('法正乾');
INSERT INTO `word` VALUES ('法沦');
INSERT INTO `word` VALUES ('法淪');
INSERT INTO `word` VALUES ('法纶');
INSERT INTO `word` VALUES ('法维权');
INSERT INTO `word` VALUES ('法能功');
INSERT INTO `word` VALUES ('法西藏主义');
INSERT INTO `word` VALUES ('法論');
INSERT INTO `word` VALUES ('法论');
INSERT INTO `word` VALUES ('法论功');
INSERT INTO `word` VALUES ('法谪');
INSERT INTO `word` VALUES ('法谪功');
INSERT INTO `word` VALUES ('法輪');
INSERT INTO `word` VALUES ('法輪功');
INSERT INTO `word` VALUES ('法车仑');
INSERT INTO `word` VALUES ('法车仑工力');
INSERT INTO `word` VALUES ('法轮');
INSERT INTO `word` VALUES ('法轮义');
INSERT INTO `word` VALUES ('法轮佛');
INSERT INTO `word` VALUES ('法轮佛法');
INSERT INTO `word` VALUES ('法轮公');
INSERT INTO `word` VALUES ('法轮功');
INSERT INTO `word` VALUES ('法轮大法');
INSERT INTO `word` VALUES ('法轮大法好');
INSERT INTO `word` VALUES ('法轮工');
INSERT INTO `word` VALUES ('法轮弟子');
INSERT INTO `word` VALUES ('法院给废');
INSERT INTO `word` VALUES ('泡友');
INSERT INTO `word` VALUES ('波推龙');
INSERT INTO `word` VALUES ('波霸');
INSERT INTO `word` VALUES ('泥马之歌');
INSERT INTO `word` VALUES ('泰兴幼');
INSERT INTO `word` VALUES ('泰兴镇中');
INSERT INTO `word` VALUES ('泰州幼');
INSERT INTO `word` VALUES ('泽民轮功');
INSERT INTO `word` VALUES ('洗澡死');
INSERT INTO `word` VALUES ('洞小口紧');
INSERT INTO `word` VALUES ('津人治津');
INSERT INTO `word` VALUES ('津地震');
INSERT INTO `word` VALUES ('津大地震');
INSERT INTO `word` VALUES ('洪传');
INSERT INTO `word` VALUES ('洪吟');
INSERT INTO `word` VALUES ('洪哲胜');
INSERT INTO `word` VALUES ('洪巨平');
INSERT INTO `word` VALUES ('洪志');
INSERT INTO `word` VALUES ('洪智');
INSERT INTO `word` VALUES ('洪水的志向');
INSERT INTO `word` VALUES ('洪治');
INSERT INTO `word` VALUES ('洪法');
INSERT INTO `word` VALUES ('洪法交流');
INSERT INTO `word` VALUES ('活不起');
INSERT INTO `word` VALUES ('流了好多水');
INSERT INTO `word` VALUES ('流了好多的水');
INSERT INTO `word` VALUES ('流亡中的自在');
INSERT INTO `word` VALUES ('流亡藏人');
INSERT INTO `word` VALUES ('流氓无产者');
INSERT INTO `word` VALUES ('流氓民运');
INSERT INTO `word` VALUES ('流氓警察');
INSERT INTO `word` VALUES ('流水穴');
INSERT INTO `word` VALUES ('流脑');
INSERT INTO `word` VALUES ('流血事');
INSERT INTO `word` VALUES ('浑圆豪乳');
INSERT INTO `word` VALUES ('浓精');
INSERT INTO `word` VALUES ('浪叫');
INSERT INTO `word` VALUES ('浪叫要飞了');
INSERT INTO `word` VALUES ('浪妻');
INSERT INTO `word` VALUES ('浪淫');
INSERT INTO `word` VALUES ('浪穴');
INSERT INTO `word` VALUES ('海外护法');
INSERT INTO `word` VALUES ('海访民');
INSERT INTO `word` VALUES ('涂运普');
INSERT INTO `word` VALUES ('消业');
INSERT INTO `word` VALUES ('消业之说');
INSERT INTO `word` VALUES ('消业论');
INSERT INTO `word` VALUES ('涉台政局');
INSERT INTO `word` VALUES ('涉嫌抄袭');
INSERT INTO `word` VALUES ('涛一样胡');
INSERT INTO `word` VALUES ('涛共产');
INSERT INTO `word` VALUES ('涩媳妇');
INSERT INTO `word` VALUES ('涩色在线');
INSERT INTO `word` VALUES ('涩色成人社区');
INSERT INTO `word` VALUES ('液体炸');
INSERT INTO `word` VALUES ('淪公');
INSERT INTO `word` VALUES ('淪功');
INSERT INTO `word` VALUES ('淪攻');
INSERT INTO `word` VALUES ('淫b');
INSERT INTO `word` VALUES ('淫书');
INSERT INTO `word` VALUES ('淫乱');
INSERT INTO `word` VALUES ('淫乱电影');
INSERT INTO `word` VALUES ('淫乱的女子');
INSERT INTO `word` VALUES ('淫亂');
INSERT INTO `word` VALUES ('淫亂電影');
INSERT INTO `word` VALUES ('淫传');
INSERT INTO `word` VALUES ('淫兽');
INSERT INTO `word` VALUES ('淫兽学');
INSERT INTO `word` VALUES ('淫兽学园');
INSERT INTO `word` VALUES ('淫兽学院');
INSERT INTO `word` VALUES ('淫兽肉棒');
INSERT INTO `word` VALUES ('淫叫');
INSERT INTO `word` VALUES ('淫叫好爽');
INSERT INTO `word` VALUES ('淫叫好舒服');
INSERT INTO `word` VALUES ('淫叫快速');
INSERT INTO `word` VALUES ('淫叫快速抽插');
INSERT INTO `word` VALUES ('淫叫玩弄');
INSERT INTO `word` VALUES ('淫叫用力');
INSERT INTO `word` VALUES ('淫叫舒服');
INSERT INTO `word` VALUES ('淫唇');
INSERT INTO `word` VALUES ('淫图');
INSERT INTO `word` VALUES ('淫图乱伦');
INSERT INTO `word` VALUES ('淫图穴');
INSERT INTO `word` VALUES ('淫声');
INSERT INTO `word` VALUES ('淫声猛插');
INSERT INTO `word` VALUES ('淫声鸡巴');
INSERT INTO `word` VALUES ('淫女');
INSERT INTO `word` VALUES ('淫女图');
INSERT INTO `word` VALUES ('淫女在线');
INSERT INTO `word` VALUES ('淫女电影');
INSERT INTO `word` VALUES ('淫女老师');
INSERT INTO `word` VALUES ('淫奸');
INSERT INTO `word` VALUES ('淫妇');
INSERT INTO `word` VALUES ('淫妹');
INSERT INTO `word` VALUES ('淫妻');
INSERT INTO `word` VALUES ('淫娘');
INSERT INTO `word` VALUES ('淫屄');
INSERT INTO `word` VALUES ('淫影');
INSERT INTO `word` VALUES ('淫影片');
INSERT INTO `word` VALUES ('淫影院');
INSERT INTO `word` VALUES ('淫情女');
INSERT INTO `word` VALUES ('淫情女教师');
INSERT INTO `word` VALUES ('淫情女老师');
INSERT INTO `word` VALUES ('淫情贴图');
INSERT INTO `word` VALUES ('淫暴');
INSERT INTO `word` VALUES ('淫書');
INSERT INTO `word` VALUES ('淫术炼金士');
INSERT INTO `word` VALUES ('淫棍');
INSERT INTO `word` VALUES ('淫欲');
INSERT INTO `word` VALUES ('淫母');
INSERT INTO `word` VALUES ('淫民');
INSERT INTO `word` VALUES ('淫水');
INSERT INTO `word` VALUES ('淫水乱伦');
INSERT INTO `word` VALUES ('淫水好爽');
INSERT INTO `word` VALUES ('淫水好爽用力');
INSERT INTO `word` VALUES ('淫水带出');
INSERT INTO `word` VALUES ('淫水抽插');
INSERT INTO `word` VALUES ('淫水挺动');
INSERT INTO `word` VALUES ('淫水操逼');
INSERT INTO `word` VALUES ('淫水浓精');
INSERT INTO `word` VALUES ('淫水火棒');
INSERT INTO `word` VALUES ('淫水肉洞');
INSERT INTO `word` VALUES ('淫水胯下');
INSERT INTO `word` VALUES ('淫水鸡巴');
INSERT INTO `word` VALUES ('淫汁');
INSERT INTO `word` VALUES ('淫洞');
INSERT INTO `word` VALUES ('淫浪');
INSERT INTO `word` VALUES ('淫液');
INSERT INTO `word` VALUES ('淫片');
INSERT INTO `word` VALUES ('淫电影');
INSERT INTO `word` VALUES ('淫男');
INSERT INTO `word` VALUES ('淫秽');
INSERT INTO `word` VALUES ('淫秽电影');
INSERT INTO `word` VALUES ('淫秽词语');
INSERT INTO `word` VALUES ('淫穴');
INSERT INTO `word` VALUES ('淫穴淫水');
INSERT INTO `word` VALUES ('淫笑');
INSERT INTO `word` VALUES ('淫笑肉棒');
INSERT INTO `word` VALUES ('淫美贴图');
INSERT INTO `word` VALUES ('淫肉');
INSERT INTO `word` VALUES ('淫臀');
INSERT INTO `word` VALUES ('淫色');
INSERT INTO `word` VALUES ('淫色小说');
INSERT INTO `word` VALUES ('淫色网站');
INSERT INTO `word` VALUES ('淫色贴图');
INSERT INTO `word` VALUES ('淫荡');
INSERT INTO `word` VALUES ('淫荡套动');
INSERT INTO `word` VALUES ('淫荡妈');
INSERT INTO `word` VALUES ('淫荡妹妹');
INSERT INTO `word` VALUES ('淫荡娃娃');
INSERT INTO `word` VALUES ('淫荡少妇');
INSERT INTO `word` VALUES ('淫荡少妇之白洁');
INSERT INTO `word` VALUES ('淫蕩');
INSERT INTO `word` VALUES ('淫蕩丗家');
INSERT INTO `word` VALUES ('淫蕩孕婦');
INSERT INTO `word` VALUES ('淫蕩少婦');
INSERT INTO `word` VALUES ('淫虐');
INSERT INTO `word` VALUES ('淫虫');
INSERT INTO `word` VALUES ('淫蟲');
INSERT INTO `word` VALUES ('淫贴图');
INSERT INTO `word` VALUES ('淫逼');
INSERT INTO `word` VALUES ('淫道');
INSERT INTO `word` VALUES ('淫间道');
INSERT INTO `word` VALUES ('淫阴');
INSERT INTO `word` VALUES ('淫靡');
INSERT INTO `word` VALUES ('淫騷妹');
INSERT INTO `word` VALUES ('淫魔');
INSERT INTO `word` VALUES ('淫魔抽送');
INSERT INTO `word` VALUES ('淫魔舞');
INSERT INTO `word` VALUES ('淫魔舞会');
INSERT INTO `word` VALUES ('深喉冰');
INSERT INTO `word` VALUES ('添你下面');
INSERT INTO `word` VALUES ('添空');
INSERT INTO `word` VALUES ('添逼');
INSERT INTO `word` VALUES ('添阴');
INSERT INTO `word` VALUES ('清华帮');
INSERT INTO `word` VALUES ('清海师父');
INSERT INTO `word` VALUES ('清海无上师');
INSERT INTO `word` VALUES ('清純壆');
INSERT INTO `word` VALUES ('清纯少妇');
INSERT INTO `word` VALUES ('清除负面');
INSERT INTO `word` VALUES ('渗透中共');
INSERT INTO `word` VALUES ('温下台');
INSERT INTO `word` VALUES ('温云松');
INSERT INTO `word` VALUES ('温休曾退');
INSERT INTO `word` VALUES ('温元凯');
INSERT INTO `word` VALUES ('温切斯特');
INSERT INTO `word` VALUES ('温加饱');
INSERT INTO `word` VALUES ('温家堡');
INSERT INTO `word` VALUES ('温影帝');
INSERT INTO `word` VALUES ('港澳博球');
INSERT INTO `word` VALUES ('港鑫華');
INSERT INTO `word` VALUES ('港馬會');
INSERT INTO `word` VALUES ('游精佑');
INSERT INTO `word` VALUES ('湖淫娘');
INSERT INTO `word` VALUES ('湾版假');
INSERT INTO `word` VALUES ('湿穴');
INSERT INTO `word` VALUES ('溫家寶');
INSERT INTO `word` VALUES ('滚圆大乳');
INSERT INTO `word` VALUES ('满床春色');
INSERT INTO `word` VALUES ('漠视生命自私到了极点的中共政权');
INSERT INTO `word` VALUES ('漫步丝');
INSERT INTO `word` VALUES ('潮吹');
INSERT INTO `word` VALUES ('激情一刻现场脱');
INSERT INTO `word` VALUES ('激情交友');
INSERT INTO `word` VALUES ('激情写真');
INSERT INTO `word` VALUES ('激情图吧');
INSERT INTO `word` VALUES ('激情图片');
INSERT INTO `word` VALUES ('激情圖片');
INSERT INTO `word` VALUES ('激情在线');
INSERT INTO `word` VALUES ('激情大片');
INSERT INTO `word` VALUES ('激情妹');
INSERT INTO `word` VALUES ('激情小电影');
INSERT INTO `word` VALUES ('激情小说');
INSERT INTO `word` VALUES ('激情小電影');
INSERT INTO `word` VALUES ('激情成人');
INSERT INTO `word` VALUES ('激情文学');
INSERT INTO `word` VALUES ('激情文學');
INSERT INTO `word` VALUES ('激情淫');
INSERT INTO `word` VALUES ('激情炮');
INSERT INTO `word` VALUES ('激情电');
INSERT INTO `word` VALUES ('激情电影');
INSERT INTO `word` VALUES ('激情电话');
INSERT INTO `word` VALUES ('激情短');
INSERT INTO `word` VALUES ('激情短片');
INSERT INTO `word` VALUES ('激情网站');
INSERT INTO `word` VALUES ('激情美女');
INSERT INTO `word` VALUES ('激情聊天');
INSERT INTO `word` VALUES ('激情自拍');
INSERT INTO `word` VALUES ('激情視頻');
INSERT INTO `word` VALUES ('激情视频');
INSERT INTO `word` VALUES ('激情诱惑');
INSERT INTO `word` VALUES ('激情電影');
INSERT INTO `word` VALUES ('激情黄色');
INSERT INTO `word` VALUES ('火车也疯');
INSERT INTO `word` VALUES ('灭中共');
INSERT INTO `word` VALUES ('灭共');
INSERT INTO `word` VALUES ('灭绝罪');
INSERT INTO `word` VALUES ('灯草和');
INSERT INTO `word` VALUES ('灯草和尚');
INSERT INTO `word` VALUES ('灵修团体');
INSERT INTO `word` VALUES ('炮图');
INSERT INTO `word` VALUES ('炮片');
INSERT INTO `word` VALUES ('炮的小蜜');
INSERT INTO `word` VALUES ('炮轰密妃');
INSERT INTO `word` VALUES ('炸广州');
INSERT INTO `word` VALUES ('炸弹教');
INSERT INTO `word` VALUES ('炸弹遥控');
INSERT INTO `word` VALUES ('炸立交');
INSERT INTO `word` VALUES ('炸药制');
INSERT INTO `word` VALUES ('炸药的制');
INSERT INTO `word` VALUES ('炸药配');
INSERT INTO `word` VALUES ('点对点裸聊');
INSERT INTO `word` VALUES ('点数优惠');
INSERT INTO `word` VALUES ('炼大法');
INSERT INTO `word` VALUES ('烂比');
INSERT INTO `word` VALUES ('烂货');
INSERT INTO `word` VALUES ('烂逼');
INSERT INTO `word` VALUES ('烟感器');
INSERT INTO `word` VALUES ('烧公安局');
INSERT INTO `word` VALUES ('烧瓶的');
INSERT INTO `word` VALUES ('热比娅');
INSERT INTO `word` VALUES ('煞笔');
INSERT INTO `word` VALUES ('煽动不明');
INSERT INTO `word` VALUES ('煽动群众');
INSERT INTO `word` VALUES ('熟女之惑');
INSERT INTO `word` VALUES ('熟女俱乐部');
INSERT INTO `word` VALUES ('熟妇');
INSERT INTO `word` VALUES ('爆乳');
INSERT INTO `word` VALUES ('爆发骚');
INSERT INTO `word` VALUES ('爆破');
INSERT INTO `word` VALUES ('爆菊');
INSERT INTO `word` VALUES ('爱上师娘的床');
INSERT INTO `word` VALUES ('爱液');
INSERT INTO `word` VALUES ('爱液横流');
INSERT INTO `word` VALUES ('爱滋村里的爱');
INSERT INTO `word` VALUES ('爽死');
INSERT INTO `word` VALUES ('爽片');
INSERT INTO `word` VALUES ('爽电影');
INSERT INTO `word` VALUES ('牌分析');
INSERT INTO `word` VALUES ('牌技网');
INSERT INTO `word` VALUES ('牛比');
INSERT INTO `word` VALUES ('牛逼');
INSERT INTO `word` VALUES ('特上门');
INSERT INTO `word` VALUES ('特务民运');
INSERT INTO `word` VALUES ('特工资');
INSERT INTO `word` VALUES ('特码');
INSERT INTO `word` VALUES ('犬交');
INSERT INTO `word` VALUES ('狂干');
INSERT INTO `word` VALUES ('狂插');
INSERT INTO `word` VALUES ('狂搞');
INSERT INTO `word` VALUES ('狂操');
INSERT INTO `word` VALUES ('狂泻');
INSERT INTO `word` VALUES ('狂穴');
INSERT INTO `word` VALUES ('狄玉明');
INSERT INTO `word` VALUES ('狅操');
INSERT INTO `word` VALUES ('狗B');
INSERT INTO `word` VALUES ('狗b');
INSERT INTO `word` VALUES ('狗卵子');
INSERT INTO `word` VALUES ('狗娘养的');
INSERT INTO `word` VALUES ('狗屁专家');
INSERT INTO `word` VALUES ('狗屎');
INSERT INTO `word` VALUES ('狗操');
INSERT INTO `word` VALUES ('狗日的');
INSERT INTO `word` VALUES ('狗粮');
INSERT INTO `word` VALUES ('狗逼');
INSERT INTO `word` VALUES ('狠肏');
INSERT INTO `word` VALUES ('独夫');
INSERT INTO `word` VALUES ('独夫民贼');
INSERT INTO `word` VALUES ('独立中文笔会');
INSERT INTO `word` VALUES ('独立台湾');
INSERT INTO `word` VALUES ('独立台湾会');
INSERT INTO `word` VALUES ('狮子旗');
INSERT INTO `word` VALUES ('狼全部跪');
INSERT INTO `word` VALUES ('狼友俱乐部');
INSERT INTO `word` VALUES ('狼友性息');
INSERT INTO `word` VALUES ('猎好帮手');
INSERT INTO `word` VALUES ('猎枪销');
INSERT INTO `word` VALUES ('猎槍');
INSERT INTO `word` VALUES ('猛插');
INSERT INTO `word` VALUES ('猛操');
INSERT INTO `word` VALUES ('猛男强奸');
INSERT INTO `word` VALUES ('猪容');
INSERT INTO `word` VALUES ('猪操');
INSERT INTO `word` VALUES ('猪毛');
INSERT INTO `word` VALUES ('猪聋畸');
INSERT INTO `word` VALUES ('猫眼工具');
INSERT INTO `word` VALUES ('獵槍');
INSERT INTO `word` VALUES ('玉女吹箫');
INSERT INTO `word` VALUES ('玉女淫情');
INSERT INTO `word` VALUES ('玉杵捣花径');
INSERT INTO `word` VALUES ('玉穴');
INSERT INTO `word` VALUES ('玉蒲团');
INSERT INTO `word` VALUES ('玉蒲团之偷情宝鉴');
INSERT INTO `word` VALUES ('玉蒲團');
INSERT INTO `word` VALUES ('王八蛋');
INSERT INTO `word` VALUES ('王子淫传');
INSERT INTO `word` VALUES ('王益案');
INSERT INTO `word` VALUES ('王立军');
INSERT INTO `word` VALUES ('环球证件');
INSERT INTO `word` VALUES ('现世现报');
INSERT INTO `word` VALUES ('现在的党');
INSERT INTO `word` VALUES ('现在的共产党');
INSERT INTO `word` VALUES ('现在的政府');
INSERT INTO `word` VALUES ('现大地震');
INSERT INTO `word` VALUES ('现金投注');
INSERT INTO `word` VALUES ('珐工力学');
INSERT INTO `word` VALUES ('珐輪功');
INSERT INTO `word` VALUES ('理做帐报');
INSERT INTO `word` VALUES ('理各种证');
INSERT INTO `word` VALUES ('理是影帝');
INSERT INTO `word` VALUES ('理证件');
INSERT INTO `word` VALUES ('琼花问');
INSERT INTO `word` VALUES ('瑞安事件');
INSERT INTO `word` VALUES ('瑷液');
INSERT INTO `word` VALUES ('瓦斯手');
INSERT INTO `word` VALUES ('瓮安');
INSERT INTO `word` VALUES ('瓮安暴乱');
INSERT INTO `word` VALUES ('瓮安骚乱');
INSERT INTO `word` VALUES ('生孩子没屁眼');
INSERT INTO `word` VALUES ('生肖中特');
INSERT INTO `word` VALUES ('生被砍');
INSERT INTO `word` VALUES ('生踩踏');
INSERT INTO `word` VALUES ('用力抽插挺动');
INSERT INTO `word` VALUES ('用力骚穴');
INSERT INTO `word` VALUES ('用手枪');
INSERT INTO `word` VALUES ('田停工');
INSERT INTO `word` VALUES ('田田桑');
INSERT INTO `word` VALUES ('田罢工');
INSERT INTO `word` VALUES ('甲流了');
INSERT INTO `word` VALUES ('甲虫跳');
INSERT INTO `word` VALUES ('电信路藏民');
INSERT INTO `word` VALUES ('电动葫芦');
INSERT INTO `word` VALUES ('电影色情');
INSERT INTO `word` VALUES ('电狗');
INSERT INTO `word` VALUES ('电话监');
INSERT INTO `word` VALUES ('电鸡');
INSERT INTO `word` VALUES ('男体图片');
INSERT INTO `word` VALUES ('男公关');
INSERT INTO `word` VALUES ('男女公关');
INSERT INTO `word` VALUES ('男女秘事');
INSERT INTO `word` VALUES ('男女自慰用品');
INSERT INTO `word` VALUES ('男妓');
INSERT INTO `word` VALUES ('男性服务');
INSERT INTO `word` VALUES ('甸果敢');
INSERT INTO `word` VALUES ('留园网');
INSERT INTO `word` VALUES ('疆独');
INSERT INTO `word` VALUES ('疆独藏独');
INSERT INTO `word` VALUES ('疆獨');
INSERT INTO `word` VALUES ('疾病业债说');
INSERT INTO `word` VALUES ('病业说');
INSERT INTO `word` VALUES ('瘟假饱');
INSERT INTO `word` VALUES ('瘟假鸨');
INSERT INTO `word` VALUES ('瘟加饱');
INSERT INTO `word` VALUES ('瘟家');
INSERT INTO `word` VALUES ('瘟家宝');
INSERT INTO `word` VALUES ('瘟家鸨');
INSERT INTO `word` VALUES ('癡漢是犯罪');
INSERT INTO `word` VALUES ('發倫');
INSERT INTO `word` VALUES ('發淪');
INSERT INTO `word` VALUES ('發票');
INSERT INTO `word` VALUES ('發論');
INSERT INTO `word` VALUES ('發輪');
INSERT INTO `word` VALUES ('白军');
INSERT INTO `word` VALUES ('白梦');
INSERT INTO `word` VALUES ('白秀华');
INSERT INTO `word` VALUES ('白立朴');
INSERT INTO `word` VALUES ('白黄牙签');
INSERT INTO `word` VALUES ('百万极品爽书');
INSERT INTO `word` VALUES ('百媚图库');
INSERT INTO `word` VALUES ('的同修');
INSERT INTO `word` VALUES ('皇冠投注');
INSERT INTO `word` VALUES ('益关注组');
INSERT INTO `word` VALUES ('益受贿');
INSERT INTO `word` VALUES ('盐酸曲');
INSERT INTO `word` VALUES ('监听器');
INSERT INTO `word` VALUES ('监听王');
INSERT INTO `word` VALUES ('盛行在舞');
INSERT INTO `word` VALUES ('相自首');
INSERT INTO `word` VALUES ('看JJ');
INSERT INTO `word` VALUES ('真名三退');
INSERT INTO `word` VALUES ('真善忍');
INSERT INTO `word` VALUES ('真实资格');
INSERT INTO `word` VALUES ('真念');
INSERT INTO `word` VALUES ('真耶稣教会');
INSERT INTO `word` VALUES ('真钱投注');
INSERT INTO `word` VALUES ('真钱斗地');
INSERT INTO `word` VALUES ('着护士的胸');
INSERT INTO `word` VALUES ('着涛哥');
INSERT INTO `word` VALUES ('短信截');
INSERT INTO `word` VALUES ('石戈');
INSERT INTO `word` VALUES ('矿难不公');
INSERT INTO `word` VALUES ('砍伤儿');
INSERT INTO `word` VALUES ('砍杀幼');
INSERT INTO `word` VALUES ('砝仑');
INSERT INTO `word` VALUES ('砝伦');
INSERT INTO `word` VALUES ('砝轮');
INSERT INTO `word` VALUES ('破处');
INSERT INTO `word` VALUES ('破迷与正心');
INSERT INTO `word` VALUES ('硅谷民主促进会');
INSERT INTO `word` VALUES ('硝化甘');
INSERT INTO `word` VALUES ('磅解码器');
INSERT INTO `word` VALUES ('磅遥控器');
INSERT INTO `word` VALUES ('磕彰');
INSERT INTO `word` VALUES ('社会主义灭亡');
INSERT INTO `word` VALUES ('神七假');
INSERT INTO `word` VALUES ('神秘的死刑');
INSERT INTO `word` VALUES ('神通加持法');
INSERT INTO `word` VALUES ('神雕外传之郭襄');
INSERT INTO `word` VALUES ('神韵艺术');
INSERT INTO `word` VALUES ('神鬼18妓');
INSERT INTO `word` VALUES ('神鬼妓');
INSERT INTO `word` VALUES ('禁室培欲');
INSERT INTO `word` VALUES ('禁忌試玩');
INSERT INTO `word` VALUES ('禁忌试玩');
INSERT INTO `word` VALUES ('禁断少女');
INSERT INTO `word` VALUES ('禅密功');
INSERT INTO `word` VALUES ('福娃出事');
INSERT INTO `word` VALUES ('福娃火车相撞地震');
INSERT INTO `word` VALUES ('福娃的預');
INSERT INTO `word` VALUES ('福娃頭上');
INSERT INTO `word` VALUES ('福尔马林');
INSERT INTO `word` VALUES ('福香巴');
INSERT INTO `word` VALUES ('禽流感了');
INSERT INTO `word` VALUES ('私密处');
INSERT INTO `word` VALUES ('私房写真');
INSERT INTO `word` VALUES ('秃鹰汽');
INSERT INTO `word` VALUES ('种公务员');
INSERT INTO `word` VALUES ('种学历证');
INSERT INTO `word` VALUES ('秘唇');
INSERT INTO `word` VALUES ('秘肉');
INSERT INTO `word` VALUES ('秘處');
INSERT INTO `word` VALUES ('穴前庭');
INSERT INTO `word` VALUES ('穴口');
INSERT INTO `word` VALUES ('穴口舔弄');
INSERT INTO `word` VALUES ('穴洞');
INSERT INTO `word` VALUES ('穴淫');
INSERT INTO `word` VALUES ('穴痒');
INSERT INTO `word` VALUES ('穴痒用力');
INSERT INTO `word` VALUES ('穴穴');
INSERT INTO `word` VALUES ('穴肉');
INSERT INTO `word` VALUES ('穴里');
INSERT INTO `word` VALUES ('穴里好痒');
INSERT INTO `word` VALUES ('究生答案');
INSERT INTO `word` VALUES ('空中民主墙');
INSERT INTO `word` VALUES ('空劲功');
INSERT INTO `word` VALUES ('空和雅典');
INSERT INTO `word` VALUES ('穿透仪器');
INSERT INTO `word` VALUES ('突厥斯坦');
INSERT INTO `word` VALUES ('突破封锁');
INSERT INTO `word` VALUES ('突破网路');
INSERT INTO `word` VALUES ('窃听器');
INSERT INTO `word` VALUES ('窝囊中国');
INSERT INTO `word` VALUES ('窝囊的中国');
INSERT INTO `word` VALUES ('童屹');
INSERT INTO `word` VALUES ('第一次破处');
INSERT INTO `word` VALUES ('第三党');
INSERT INTO `word` VALUES ('第三道路党');
INSERT INTO `word` VALUES ('等人手术');
INSERT INTO `word` VALUES ('等人是老');
INSERT INTO `word` VALUES ('等人老百');
INSERT INTO `word` VALUES ('等你插');
INSERT INTO `word` VALUES ('等屁民');
INSERT INTO `word` VALUES ('等级證');
INSERT INTO `word` VALUES ('答案包');
INSERT INTO `word` VALUES ('答案提供');
INSERT INTO `word` VALUES ('策没有不');
INSERT INTO `word` VALUES ('简易炸');
INSERT INTO `word` VALUES ('簧片');
INSERT INTO `word` VALUES ('类准确答');
INSERT INTO `word` VALUES ('粉嫩小洞');
INSERT INTO `word` VALUES ('粉红小b');
INSERT INTO `word` VALUES ('粉红小逼');
INSERT INTO `word` VALUES ('粗口歌');
INSERT INTO `word` VALUES ('粗大的玩意');
INSERT INTO `word` VALUES ('粪青');
INSERT INTO `word` VALUES ('精子射在');
INSERT INTO `word` VALUES ('精液');
INSERT INTO `word` VALUES ('系统管理员');
INSERT INTO `word` VALUES ('紅志');
INSERT INTO `word` VALUES ('紅智');
INSERT INTO `word` VALUES ('紅色恐');
INSERT INTO `word` VALUES ('素女');
INSERT INTO `word` VALUES ('素女心');
INSERT INTO `word` VALUES ('紧窄肉棒');
INSERT INTO `word` VALUES ('絲襪寫真');
INSERT INTO `word` VALUES ('維多利亞包');
INSERT INTO `word` VALUES ('红兽');
INSERT INTO `word` VALUES ('红外透视');
INSERT INTO `word` VALUES ('红志');
INSERT INTO `word` VALUES ('红智');
INSERT INTO `word` VALUES ('红朝谎言录');
INSERT INTO `word` VALUES ('红潮艳史');
INSERT INTO `word` VALUES ('红潮谎言录');
INSERT INTO `word` VALUES ('红色恐怖');
INSERT INTO `word` VALUES ('红色角落');
INSERT INTO `word` VALUES ('红血丝');
INSERT INTO `word` VALUES ('约会强暴药');
INSERT INTO `word` VALUES ('级办理');
INSERT INTO `word` VALUES ('级答案');
INSERT INTO `word` VALUES ('纪念达赖喇嘛流亡49周年');
INSERT INTO `word` VALUES ('纪股票市场五卅惨案');
INSERT INTO `word` VALUES ('纯度白');
INSERT INTO `word` VALUES ('纯度黄');
INSERT INTO `word` VALUES ('纹了毛');
INSERT INTO `word` VALUES ('线透视镜');
INSERT INTO `word` VALUES ('练功群众');
INSERT INTO `word` VALUES ('经典谎言');
INSERT INTO `word` VALUES ('绕过封锁');
INSERT INTO `word` VALUES ('绝爱故事网');
INSERT INTO `word` VALUES ('绝食声');
INSERT INTO `word` VALUES ('统独');
INSERT INTO `word` VALUES ('统独论坛');
INSERT INTO `word` VALUES ('绩过后付');
INSERT INTO `word` VALUES ('绳虐');
INSERT INTO `word` VALUES ('维吾尔人权');
INSERT INTO `word` VALUES ('维吾尔信息社');
INSERT INTO `word` VALUES ('维多利亚包');
INSERT INTO `word` VALUES ('维权人');
INSERT INTO `word` VALUES ('维权基');
INSERT INTO `word` VALUES ('维权谈');
INSERT INTO `word` VALUES ('维汉员');
INSERT INTO `word` VALUES ('绿坝娘');
INSERT INTO `word` VALUES ('绿坝娘之歌');
INSERT INTO `word` VALUES ('缩阴');
INSERT INTO `word` VALUES ('网上淫秽色情游戏');
INSERT INTO `word` VALUES ('网民案');
INSERT INTO `word` VALUES ('网民获刑');
INSERT INTO `word` VALUES ('网民诬');
INSERT INTO `word` VALUES ('网络活动颠覆');
INSERT INTO `word` VALUES ('罗斯小姐');
INSERT INTO `word` VALUES ('罢工门');
INSERT INTO `word` VALUES ('美国维吾尔');
INSERT INTO `word` VALUES ('美女上门');
INSERT INTO `word` VALUES ('美女人体艺术');
INSERT INTO `word` VALUES ('美女做愛');
INSERT INTO `word` VALUES ('美女全套');
INSERT INTO `word` VALUES ('美女出售');
INSERT INTO `word` VALUES ('美女图坊');
INSERT INTO `word` VALUES ('美女护陪');
INSERT INTO `word` VALUES ('美女按摩');
INSERT INTO `word` VALUES ('美女脱衣');
INSERT INTO `word` VALUES ('美女裸体');
INSERT INTO `word` VALUES ('美女視頻');
INSERT INTO `word` VALUES ('美女视频');
INSERT INTO `word` VALUES ('美女野球拳');
INSERT INTO `word` VALUES ('美女黄色');
INSERT INTO `word` VALUES ('美少女');
INSERT INTO `word` VALUES ('美少女麻雀');
INSERT INTO `word` VALUES ('美少妇的哀羞');
INSERT INTO `word` VALUES ('美屄');
INSERT INTO `word` VALUES ('美狐图片网');
INSERT INTO `word` VALUES ('美眉图库');
INSERT INTO `word` VALUES ('美穴');
INSERT INTO `word` VALUES ('美腿写真');
INSERT INTO `word` VALUES ('美腿寫真');
INSERT INTO `word` VALUES ('美艳少妇');
INSERT INTO `word` VALUES ('群体性事');
INSERT INTO `word` VALUES ('群奸');
INSERT INTO `word` VALUES ('群奸暴');
INSERT INTO `word` VALUES ('群射');
INSERT INTO `word` VALUES ('群起抗暴');
INSERT INTO `word` VALUES ('老人政治');
INSERT INTO `word` VALUES ('老婊子');
INSERT INTO `word` VALUES ('老师的穴');
INSERT INTO `word` VALUES ('老师穴');
INSERT INTO `word` VALUES ('老毛');
INSERT INTO `word` VALUES ('老江');
INSERT INTO `word` VALUES ('老虎机');
INSERT INTO `word` VALUES ('考中答案');
INSERT INTO `word` VALUES ('考前付');
INSERT INTO `word` VALUES ('考前答');
INSERT INTO `word` VALUES ('考前答案');
INSERT INTO `word` VALUES ('考后付款');
INSERT INTO `word` VALUES ('考机构');
INSERT INTO `word` VALUES ('考研考中');
INSERT INTO `word` VALUES ('考答案');
INSERT INTO `word` VALUES ('考考邓');
INSERT INTO `word` VALUES ('考联盟');
INSERT INTO `word` VALUES ('考设备');
INSERT INTO `word` VALUES ('考试保');
INSERT INTO `word` VALUES ('考试包过');
INSERT INTO `word` VALUES ('考试机构');
INSERT INTO `word` VALUES ('考试枪');
INSERT INTO `word` VALUES ('考试答案');
INSERT INTO `word` VALUES ('考试联盟');
INSERT INTO `word` VALUES ('聊斋艳');
INSERT INTO `word` VALUES ('聊视频');
INSERT INTO `word` VALUES ('聯繫電');
INSERT INTO `word` VALUES ('肉丘');
INSERT INTO `word` VALUES ('肉体交融');
INSERT INTO `word` VALUES ('肉具');
INSERT INTO `word` VALUES ('肉击');
INSERT INTO `word` VALUES ('肉圈');
INSERT INTO `word` VALUES ('肉壶');
INSERT INTO `word` VALUES ('肉屄');
INSERT INTO `word` VALUES ('肉根');
INSERT INTO `word` VALUES ('肉棍');
INSERT INTO `word` VALUES ('肉棍淫水');
INSERT INTO `word` VALUES ('肉棒');
INSERT INTO `word` VALUES ('肉棒对准穴口');
INSERT INTO `word` VALUES ('肉棒淫水');
INSERT INTO `word` VALUES ('肉棒舔弄');
INSERT INTO `word` VALUES ('肉棒阴唇');
INSERT INTO `word` VALUES ('肉欲');
INSERT INTO `word` VALUES ('肉洞');
INSERT INTO `word` VALUES ('肉洞抽插');
INSERT INTO `word` VALUES ('肉穴');
INSERT INTO `word` VALUES ('肉缝');
INSERT INTO `word` VALUES ('肉茎');
INSERT INTO `word` VALUES ('肏入');
INSERT INTO `word` VALUES ('肏她');
INSERT INTO `word` VALUES ('肏妳');
INSERT INTO `word` VALUES ('肏妹妹');
INSERT INTO `word` VALUES ('肏娘');
INSERT INTO `word` VALUES ('肏屄');
INSERT INTO `word` VALUES ('肏干');
INSERT INTO `word` VALUES ('肏我');
INSERT INTO `word` VALUES ('肏死');
INSERT INTO `word` VALUES ('肏破');
INSERT INTO `word` VALUES ('肏穴');
INSERT INTO `word` VALUES ('肏这');
INSERT INTO `word` VALUES ('肛交');
INSERT INTO `word` VALUES ('肛交淫水');
INSERT INTO `word` VALUES ('肛恋');
INSERT INTO `word` VALUES ('肛插');
INSERT INTO `word` VALUES ('肛门是邻');
INSERT INTO `word` VALUES ('股股下流');
INSERT INTO `word` VALUES ('肤白胸大');
INSERT INTO `word` VALUES ('肥穴');
INSERT INTO `word` VALUES ('育部女官');
INSERT INTO `word` VALUES ('肾源');
INSERT INTO `word` VALUES ('背飞凫');
INSERT INTO `word` VALUES ('胡J涛');
INSERT INTO `word` VALUES ('胡j涛');
INSERT INTO `word` VALUES ('胡下台');
INSERT INTO `word` VALUES ('胡中央');
INSERT INTO `word` VALUES ('胡景涛');
INSERT INTO `word` VALUES ('胡江');
INSERT INTO `word` VALUES ('胡江争斗');
INSERT INTO `word` VALUES ('胡江关系');
INSERT INTO `word` VALUES ('胡江内斗');
INSERT INTO `word` VALUES ('胡江曾');
INSERT INTO `word` VALUES ('胡江风云');
INSERT INTO `word` VALUES ('胡派');
INSERT INTO `word` VALUES ('胡派人马');
INSERT INTO `word` VALUES ('胡派军委');
INSERT INTO `word` VALUES ('胡温');
INSERT INTO `word` VALUES ('胡温保守派');
INSERT INTO `word` VALUES ('胡瘟');
INSERT INTO `word` VALUES ('胡的接班人');
INSERT INTO `word` VALUES ('胡系');
INSERT INTO `word` VALUES ('胡紧套');
INSERT INTO `word` VALUES ('胡紧掏');
INSERT INTO `word` VALUES ('胡耀邦');
INSERT INTO `word` VALUES ('胡进涛');
INSERT INTO `word` VALUES ('胡适眼');
INSERT INTO `word` VALUES ('胡錦濤');
INSERT INTO `word` VALUES ('胡鍧');
INSERT INTO `word` VALUES ('胡锦涛长子');
INSERT INTO `word` VALUES ('胡锦淘');
INSERT INTO `word` VALUES ('胡锦滔');
INSERT INTO `word` VALUES ('胯上');
INSERT INTO `word` VALUES ('胯上套弄屁股');
INSERT INTO `word` VALUES ('胸主席');
INSERT INTO `word` VALUES ('脏毒');
INSERT INTO `word` VALUES ('脏独');
INSERT INTO `word` VALUES ('脫衣舞');
INSERT INTO `word` VALUES ('脱党');
INSERT INTO `word` VALUES ('脱衣舞');
INSERT INTO `word` VALUES ('脱衣艳');
INSERT INTO `word` VALUES ('脱衣视频');
INSERT INTO `word` VALUES ('臀丘');
INSERT INTO `word` VALUES ('臀孔');
INSERT INTO `word` VALUES ('臀沟');
INSERT INTO `word` VALUES ('臀洞');
INSERT INTO `word` VALUES ('自己找枪');
INSERT INTO `word` VALUES ('自慰');
INSERT INTO `word` VALUES ('自慰用');
INSERT INTO `word` VALUES ('自拍干炮');
INSERT INTO `word` VALUES ('自杀手册');
INSERT INTO `word` VALUES ('自杀指南');
INSERT INTO `word` VALUES ('自烧');
INSERT INTO `word` VALUES ('自焚');
INSERT INTO `word` VALUES ('自然功');
INSERT INTO `word` VALUES ('自由亚');
INSERT INTO `word` VALUES ('自由亚州');
INSERT INTO `word` VALUES ('自由亚洲');
INSERT INTO `word` VALUES ('自由亚洲电台');
INSERT INTO `word` VALUES ('自由圣');
INSERT INTO `word` VALUES ('自由网');
INSERT INTO `word` VALUES ('自由西藏');
INSERT INTO `word` VALUES ('自由西藏学生运动');
INSERT INTO `word` VALUES ('臭作');
INSERT INTO `word` VALUES ('至国家高');
INSERT INTO `word` VALUES ('臺灣獨立');
INSERT INTO `word` VALUES ('舌头添');
INSERT INTO `word` VALUES ('舌头舔');
INSERT INTO `word` VALUES ('舔xue');
INSERT INTO `word` VALUES ('舔下面');
INSERT INTO `word` VALUES ('舔便');
INSERT INTO `word` VALUES ('舔吮');
INSERT INTO `word` VALUES ('舔奶');
INSERT INTO `word` VALUES ('舔屁沟');
INSERT INTO `word` VALUES ('舔弄');
INSERT INTO `word` VALUES ('舔弄小穴');
INSERT INTO `word` VALUES ('舔批');
INSERT INTO `word` VALUES ('舔私处');
INSERT INTO `word` VALUES ('舔穴');
INSERT INTO `word` VALUES ('舔肛');
INSERT INTO `word` VALUES ('舔舐');
INSERT INTO `word` VALUES ('舔花苞');
INSERT INTO `word` VALUES ('舔逼');
INSERT INTO `word` VALUES ('舔遍');
INSERT INTO `word` VALUES ('舔阴');
INSERT INTO `word` VALUES ('色友');
INSERT INTO `word` VALUES ('色图');
INSERT INTO `word` VALUES ('色图亚洲');
INSERT INTO `word` VALUES ('色妹妹');
INSERT INTO `word` VALUES ('色小说');
INSERT INTO `word` VALUES ('色屋图片');
INSERT INTO `word` VALUES ('色性');
INSERT INTO `word` VALUES ('色性社区');
INSERT INTO `word` VALUES ('色情');
INSERT INTO `word` VALUES ('色情五月天');
INSERT INTO `word` VALUES ('色情六月天');
INSERT INTO `word` VALUES ('色情图片');
INSERT INTO `word` VALUES ('色情圖片');
INSERT INTO `word` VALUES ('色情导航');
INSERT INTO `word` VALUES ('色情小电影');
INSERT INTO `word` VALUES ('色情小说');
INSERT INTO `word` VALUES ('色情小電影');
INSERT INTO `word` VALUES ('色情影视');
INSERT INTO `word` VALUES ('色情服务');
INSERT INTO `word` VALUES ('色情片');
INSERT INTO `word` VALUES ('色情电影');
INSERT INTO `word` VALUES ('色情电视');
INSERT INTO `word` VALUES ('色情網站');
INSERT INTO `word` VALUES ('色情网');
INSERT INTO `word` VALUES ('色情网站');
INSERT INTO `word` VALUES ('色情自拍');
INSERT INTO `word` VALUES ('色情论坛');
INSERT INTO `word` VALUES ('色情電視');
INSERT INTO `word` VALUES ('色欲');
INSERT INTO `word` VALUES ('色淫');
INSERT INTO `word` VALUES ('色狼');
INSERT INTO `word` VALUES ('色狼俱乐部');
INSERT INTO `word` VALUES ('色狼網');
INSERT INTO `word` VALUES ('色狼网');
INSERT INTO `word` VALUES ('色猫论坛');
INSERT INTO `word` VALUES ('色电影');
INSERT INTO `word` VALUES ('色界论坛');
INSERT INTO `word` VALUES ('色空寺');
INSERT INTO `word` VALUES ('色色');
INSERT INTO `word` VALUES ('色色五月天');
INSERT INTO `word` VALUES ('色视频');
INSERT INTO `word` VALUES ('色诱');
INSERT INTO `word` VALUES ('色阅网');
INSERT INTO `word` VALUES ('艳情电影');
INSERT INTO `word` VALUES ('艳欲');
INSERT INTO `word` VALUES ('艳舞');
INSERT INTO `word` VALUES ('艳遇编年史');
INSERT INTO `word` VALUES ('艳门照');
INSERT INTO `word` VALUES ('花瓣蜜液');
INSERT INTO `word` VALUES ('芳香型智悟气功');
INSERT INTO `word` VALUES ('苍井空');
INSERT INTO `word` VALUES ('苍山兰');
INSERT INTO `word` VALUES ('苍蝇水');
INSERT INTO `word` VALUES ('苏家屯集');
INSERT INTO `word` VALUES ('范燕琼');
INSERT INTO `word` VALUES ('茎精');
INSERT INTO `word` VALUES ('茳民');
INSERT INTO `word` VALUES ('草你妈');
INSERT INTO `word` VALUES ('荡妇');
INSERT INTO `word` VALUES ('莹穴');
INSERT INTO `word` VALUES ('莹莹成人论坛');
INSERT INTO `word` VALUES ('菊暴');
INSERT INTO `word` VALUES ('菊爆');
INSERT INTO `word` VALUES ('菊穴');
INSERT INTO `word` VALUES ('菊花洞');
INSERT INTO `word` VALUES ('菊花穴');
INSERT INTO `word` VALUES ('菊花蕾');
INSERT INTO `word` VALUES ('菩提功');
INSERT INTO `word` VALUES ('菩提教会');
INSERT INTO `word` VALUES ('菩提法门');
INSERT INTO `word` VALUES ('菱恝');
INSERT INTO `word` VALUES ('萬人暴动');
INSERT INTO `word` VALUES ('落霞缀');
INSERT INTO `word` VALUES ('蒋公');
INSERT INTO `word` VALUES ('蒋彦永');
INSERT INTO `word` VALUES ('蒙古之友');
INSERT INTO `word` VALUES ('蒙古回归');
INSERT INTO `word` VALUES ('蒙古牧民联合会');
INSERT INTO `word` VALUES ('蒙古独');
INSERT INTO `word` VALUES ('蒙汗药');
INSERT INTO `word` VALUES ('蒙独');
INSERT INTO `word` VALUES ('藏历新年骚乱');
INSERT INTO `word` VALUES ('藏妇会');
INSERT INTO `word` VALUES ('藏字石');
INSERT INTO `word` VALUES ('藏春閣');
INSERT INTO `word` VALUES ('藏春阁');
INSERT INTO `word` VALUES ('藏独');
INSERT INTO `word` VALUES ('藏獨');
INSERT INTO `word` VALUES ('藏青会');
INSERT INTO `word` VALUES ('虎头猎');
INSERT INTO `word` VALUES ('虎膽雄心');
INSERT INTO `word` VALUES ('虐恋');
INSERT INTO `word` VALUES ('虐杀');
INSERT INTO `word` VALUES ('蚁力神');
INSERT INTO `word` VALUES ('蛤蟆转世');
INSERT INTO `word` VALUES ('蜜唇');
INSERT INTO `word` VALUES ('蜜壶');
INSERT INTO `word` VALUES ('蜜汁');
INSERT INTO `word` VALUES ('蜜汁肉缝');
INSERT INTO `word` VALUES ('蜜洞');
INSERT INTO `word` VALUES ('蜜液');
INSERT INTO `word` VALUES ('蜜穴');
INSERT INTO `word` VALUES ('蜜穴被插');
INSERT INTO `word` VALUES ('蝶舞按');
INSERT INTO `word` VALUES ('蟆叫专家');
INSERT INTO `word` VALUES ('蠢猪');
INSERT INTO `word` VALUES ('血溅人民天堂');
INSERT INTO `word` VALUES ('血腥清场');
INSERT INTO `word` VALUES ('行房');
INSERT INTO `word` VALUES ('行长王益');
INSERT INTO `word` VALUES ('袁腾飞');
INSERT INTO `word` VALUES ('袜按摩');
INSERT INTO `word` VALUES ('被中共');
INSERT INTO `word` VALUES ('被人干');
INSERT INTO `word` VALUES ('被打死');
INSERT INTO `word` VALUES ('被指抄袭');
INSERT INTO `word` VALUES ('被插');
INSERT INTO `word` VALUES ('被虐');
INSERT INTO `word` VALUES ('装弹甲');
INSERT INTO `word` VALUES ('装枪套');
INSERT INTO `word` VALUES ('装消音');
INSERT INTO `word` VALUES ('裙底走光');
INSERT INTO `word` VALUES ('裸体写真');
INSERT INTO `word` VALUES ('裸女对对碰');
INSERT INTO `word` VALUES ('裸女對對碰');
INSERT INTO `word` VALUES ('裸干');
INSERT INTO `word` VALUES ('裸网');
INSERT INTO `word` VALUES ('裸聊');
INSERT INTO `word` VALUES ('裸聊合法');
INSERT INTO `word` VALUES ('裸聊网');
INSERT INTO `word` VALUES ('裸舞视');
INSERT INTO `word` VALUES ('裸陪');
INSERT INTO `word` VALUES ('西单民主墙');
INSERT INTO `word` VALUES ('西服进去');
INSERT INTO `word` VALUES ('西藏之声');
INSERT INTO `word` VALUES ('西藏之页');
INSERT INTO `word` VALUES ('西藏人民大起义运动');
INSERT INTO `word` VALUES ('西藏作家组织');
INSERT INTO `word` VALUES ('西藏国');
INSERT INTO `word` VALUES ('西藏国家民主党');
INSERT INTO `word` VALUES ('西藏基金会');
INSERT INTO `word` VALUES ('西藏暴乱');
INSERT INTO `word` VALUES ('西藏暴动');
INSERT INTO `word` VALUES ('西藏正义');
INSERT INTO `word` VALUES ('西藏流亡政府');
INSERT INTO `word` VALUES ('西藏独');
INSERT INTO `word` VALUES ('西藏独立');
INSERT INTO `word` VALUES ('西藏獨立');
INSERT INTO `word` VALUES ('西藏限');
INSERT INTO `word` VALUES ('西藏青年大会');
INSERT INTO `word` VALUES ('西藏骚乱');
INSERT INTO `word` VALUES ('要人权');
INSERT INTO `word` VALUES ('要射了');
INSERT INTO `word` VALUES ('要射精了');
INSERT INTO `word` VALUES ('要泄了');
INSERT INTO `word` VALUES ('观音法门');
INSERT INTO `word` VALUES ('视解密');
INSERT INTO `word` VALUES ('视频脱衣');
INSERT INTO `word` VALUES ('视频裸聊');
INSERT INTO `word` VALUES ('解体中共');
INSERT INTO `word` VALUES ('言被劳教');
INSERT INTO `word` VALUES ('言论罪');
INSERT INTO `word` VALUES ('論公');
INSERT INTO `word` VALUES ('論功');
INSERT INTO `word` VALUES ('論攻');
INSERT INTO `word` VALUES ('證件');
INSERT INTO `word` VALUES ('警匪一家');
INSERT INTO `word` VALUES ('警察殴打');
INSERT INTO `word` VALUES ('警察的幌');
INSERT INTO `word` VALUES ('警察被');
INSERT INTO `word` VALUES ('警察说保');
INSERT INTO `word` VALUES ('警方包庇');
INSERT INTO `word` VALUES ('警用品');
INSERT INTO `word` VALUES ('警花肉搏强奸党');
INSERT INTO `word` VALUES ('警车雷达');
INSERT INTO `word` VALUES ('護士24點');
INSERT INTO `word` VALUES ('认牌绝');
INSERT INTO `word` VALUES ('讲法传功');
INSERT INTO `word` VALUES ('论公');
INSERT INTO `word` VALUES ('论功');
INSERT INTO `word` VALUES ('论攻');
INSERT INTO `word` VALUES ('论文代');
INSERT INTO `word` VALUES ('证一次性');
INSERT INTO `word` VALUES ('证书办');
INSERT INTO `word` VALUES ('证件办');
INSERT INTO `word` VALUES ('证件集团');
INSERT INTO `word` VALUES ('证到付款');
INSERT INTO `word` VALUES ('证生成器');
INSERT INTO `word` VALUES ('评共产党是什么');
INSERT INTO `word` VALUES ('诉讼集团');
INSERT INTO `word` VALUES ('话在肉身显现');
INSERT INTO `word` VALUES ('诱人双峰');
INSERT INTO `word` VALUES ('诱奸');
INSERT INTO `word` VALUES ('请愿');
INSERT INTO `word` VALUES ('请示威');
INSERT INTO `word` VALUES ('请集会');
INSERT INTO `word` VALUES ('诺世纪');
INSERT INTO `word` VALUES ('诺龙');
INSERT INTO `word` VALUES ('诽谤罪');
INSERT INTO `word` VALUES ('谁是胡的接班人');
INSERT INTO `word` VALUES ('调情');
INSERT INTO `word` VALUES ('谓的和谐');
INSERT INTO `word` VALUES ('谜奸药');
INSERT INTO `word` VALUES ('谤罪获刑');
INSERT INTO `word` VALUES ('豪圈钱');
INSERT INTO `word` VALUES ('買春堂');
INSERT INTO `word` VALUES ('贞操');
INSERT INTO `word` VALUES ('贞操带手铐');
INSERT INTO `word` VALUES ('财众科技');
INSERT INTO `word` VALUES ('败培训');
INSERT INTO `word` VALUES ('贪官也辛');
INSERT INTO `word` VALUES ('贱人');
INSERT INTO `word` VALUES ('贱比');
INSERT INTO `word` VALUES ('贱货');
INSERT INTO `word` VALUES ('贱逼');
INSERT INTO `word` VALUES ('贷借款');
INSERT INTO `word` VALUES ('贷办');
INSERT INTO `word` VALUES ('贷开');
INSERT INTO `word` VALUES ('费私服');
INSERT INTO `word` VALUES ('贼民');
INSERT INTO `word` VALUES ('资料泄');
INSERT INTO `word` VALUES ('资格證');
INSERT INTO `word` VALUES ('赌球网');
INSERT INTO `word` VALUES ('赚钱资料');
INSERT INTO `word` VALUES ('赛后骚');
INSERT INTO `word` VALUES ('赤党');
INSERT INTO `word` VALUES ('赤化');
INSERT INTO `word` VALUES ('赤匪');
INSERT INTO `word` VALUES ('赤色杀意');
INSERT INTO `word` VALUES ('走入邪悟者');
INSERT INTO `word` VALUES ('赵紫阳');
INSERT INTO `word` VALUES ('超淫杂交女');
INSERT INTO `word` VALUES ('足球玩法');
INSERT INTO `word` VALUES ('跟踪器');
INSERT INTO `word` VALUES ('跪真相');
INSERT INTO `word` VALUES ('跳蛋');
INSERT INTO `word` VALUES ('踩江');
INSERT INTO `word` VALUES ('踩踏事');
INSERT INTO `word` VALUES ('蹋纳税');
INSERT INTO `word` VALUES ('躲猫猫');
INSERT INTO `word` VALUES ('輪公');
INSERT INTO `word` VALUES ('輪功');
INSERT INTO `word` VALUES ('輪攻');
INSERT INTO `word` VALUES ('轉法輪');
INSERT INTO `word` VALUES ('车仑');
INSERT INTO `word` VALUES ('车仑大法');
INSERT INTO `word` VALUES ('车牌隐');
INSERT INTO `word` VALUES ('转化论');
INSERT INTO `word` VALUES ('转是政府');
INSERT INTO `word` VALUES ('转法论');
INSERT INTO `word` VALUES ('转法轮');
INSERT INTO `word` VALUES ('转让冰毒配方');
INSERT INTO `word` VALUES ('轮公');
INSERT INTO `word` VALUES ('轮功');
INSERT INTO `word` VALUES ('轮奸');
INSERT INTO `word` VALUES ('轮奸抽插');
INSERT INTO `word` VALUES ('轮奸虐杀');
INSERT INTO `word` VALUES ('轮子功');
INSERT INTO `word` VALUES ('轮工');
INSERT INTO `word` VALUES ('轮手枪');
INSERT INTO `word` VALUES ('轮攻');
INSERT INTO `word` VALUES ('轮暴致死');
INSERT INTO `word` VALUES ('软弱的国');
INSERT INTO `word` VALUES ('辣妹午夜图书屋');
INSERT INTO `word` VALUES ('辣妹艳书辣图屋');
INSERT INTO `word` VALUES ('辦毕业');
INSERT INTO `word` VALUES ('辦證');
INSERT INTO `word` VALUES ('辩词与梦');
INSERT INTO `word` VALUES ('辽阳工潮');
INSERT INTO `word` VALUES ('达毕业证');
INSERT INTO `word` VALUES ('达米宣教会');
INSERT INTO `word` VALUES ('达赖雪山狮子旗');
INSERT INTO `word` VALUES ('达赖领奖');
INSERT INTO `word` VALUES ('还会吹萧');
INSERT INTO `word` VALUES ('还看锦涛');
INSERT INTO `word` VALUES ('进来的罪');
INSERT INTO `word` VALUES ('连发手');
INSERT INTO `word` VALUES ('迫害法轮功');
INSERT INTO `word` VALUES ('迫害珐工力国际组织');
INSERT INTO `word` VALUES ('迷奸');
INSERT INTO `word` VALUES ('迷奸药');
INSERT INTO `word` VALUES ('迷奸表妹的小香穴');
INSERT INTO `word` VALUES ('迷幻型');
INSERT INTO `word` VALUES ('迷幻液');
INSERT INTO `word` VALUES ('迷幻药');
INSERT INTO `word` VALUES ('迷幻藥');
INSERT INTO `word` VALUES ('迷情水');
INSERT INTO `word` VALUES ('迷情药');
INSERT INTO `word` VALUES ('迷昏口');
INSERT INTO `word` VALUES ('迷昏药');
INSERT INTO `word` VALUES ('迷昏藥');
INSERT INTO `word` VALUES ('迷歼药');
INSERT INTO `word` VALUES ('迷殲藥');
INSERT INTO `word` VALUES ('迷藥');
INSERT INTO `word` VALUES ('迷藥迷魂藥');
INSERT INTO `word` VALUES ('迷魂洞');
INSERT INTO `word` VALUES ('迷魂药');
INSERT INTO `word` VALUES ('迷魂药激情');
INSERT INTO `word` VALUES ('迷魂藥');
INSERT INTO `word` VALUES ('迷魂香');
INSERT INTO `word` VALUES ('退党');
INSERT INTO `word` VALUES ('退党声明');
INSERT INTO `word` VALUES ('退出中共');
INSERT INTO `word` VALUES ('退出党团队');
INSERT INTO `word` VALUES ('退出共产');
INSERT INTO `word` VALUES ('退出共产党');
INSERT INTO `word` VALUES ('逃亡艳旅');
INSERT INTO `word` VALUES ('透视仪');
INSERT INTO `word` VALUES ('透视功能');
INSERT INTO `word` VALUES ('透视器');
INSERT INTO `word` VALUES ('透视扑');
INSERT INTO `word` VALUES ('透视眼镜');
INSERT INTO `word` VALUES ('透视药');
INSERT INTO `word` VALUES ('透视镜');
INSERT INTO `word` VALUES ('递纸死');
INSERT INTO `word` VALUES ('逗乳');
INSERT INTO `word` VALUES ('逗肛');
INSERT INTO `word` VALUES ('通钢总经');
INSERT INTO `word` VALUES ('速代办');
INSERT INTO `word` VALUES ('速取证');
INSERT INTO `word` VALUES ('造业');
INSERT INTO `word` VALUES ('造爱');
INSERT INTO `word` VALUES ('逼好痒');
INSERT INTO `word` VALUES ('逼样');
INSERT INTO `word` VALUES ('逼毛');
INSERT INTO `word` VALUES ('逼痒');
INSERT INTO `word` VALUES ('逼真女下体');
INSERT INTO `word` VALUES ('逼穴');
INSERT INTO `word` VALUES ('遗情书');
INSERT INTO `word` VALUES ('遭便衣');
INSERT INTO `word` VALUES ('遭到警');
INSERT INTO `word` VALUES ('遭武警');
INSERT INTO `word` VALUES ('遭警察');
INSERT INTO `word` VALUES ('避孕膜');
INSERT INTO `word` VALUES ('邓二世');
INSERT INTO `word` VALUES ('邓爷爷转');
INSERT INTO `word` VALUES ('邓狗');
INSERT INTO `word` VALUES ('邓玉娇');
INSERT INTO `word` VALUES ('邓矮子');
INSERT INTO `word` VALUES ('邓笑贫');
INSERT INTO `word` VALUES ('邪党');
INSERT INTO `word` VALUES ('邪恶党徒');
INSERT INTO `word` VALUES ('邪恶共产党');
INSERT INTO `word` VALUES ('邪恶江泽民');
INSERT INTO `word` VALUES ('邪恶的党');
INSERT INTO `word` VALUES ('部忙组阁');
INSERT INTO `word` VALUES ('部是这样');
INSERT INTO `word` VALUES ('都当小姐');
INSERT INTO `word` VALUES ('都当警');
INSERT INTO `word` VALUES ('都进中央');
INSERT INTO `word` VALUES ('配有消');
INSERT INTO `word` VALUES ('酒像喝汤');
INSERT INTO `word` VALUES ('酒象喝汤');
INSERT INTO `word` VALUES ('酱猪媳');
INSERT INTO `word` VALUES ('酸羟亚胺');
INSERT INTO `word` VALUES ('醉乙醚');
INSERT INTO `word` VALUES ('醉迷药');
INSERT INTO `word` VALUES ('醉钢枪');
INSERT INTO `word` VALUES ('采花堂');
INSERT INTO `word` VALUES ('野外激情');
INSERT INTO `word` VALUES ('金扎金');
INSERT INTO `word` VALUES ('金普提上师');
INSERT INTO `word` VALUES ('金钟气');
INSERT INTO `word` VALUES ('针刺事');
INSERT INTO `word` VALUES ('针刺事件');
INSERT INTO `word` VALUES ('针刺伤');
INSERT INTO `word` VALUES ('针刺案');
INSERT INTO `word` VALUES ('针刺死');
INSERT INTO `word` VALUES ('钢珠枪');
INSERT INTO `word` VALUES ('钢针狗');
INSERT INTO `word` VALUES ('钱三字经');
INSERT INTO `word` VALUES ('铅弹');
INSERT INTO `word` VALUES ('铭记印尼');
INSERT INTO `word` VALUES ('門服務');
INSERT INTO `word` VALUES ('開碼');
INSERT INTO `word` VALUES ('開票');
INSERT INTO `word` VALUES ('门保健');
INSERT INTO `word` VALUES ('门徒会');
INSERT INTO `word` VALUES ('门按摩');
INSERT INTO `word` VALUES ('闻封锁');
INSERT INTO `word` VALUES ('闻被控制');
INSERT INTO `word` VALUES ('防电子眼');
INSERT INTO `word` VALUES ('防身药水');
INSERT INTO `word` VALUES ('阳具');
INSERT INTO `word` VALUES ('阳物');
INSERT INTO `word` VALUES ('阳精');
INSERT INTO `word` VALUES ('阴chun');
INSERT INTO `word` VALUES ('阴dao');
INSERT INTO `word` VALUES ('阴di');
INSERT INTO `word` VALUES ('阴丘');
INSERT INTO `word` VALUES ('阴唇');
INSERT INTO `word` VALUES ('阴囊');
INSERT INTO `word` VALUES ('阴壁');
INSERT INTO `word` VALUES ('阴户');
INSERT INTO `word` VALUES ('阴护');
INSERT INTO `word` VALUES ('阴核');
INSERT INTO `word` VALUES ('阴毛');
INSERT INTO `word` VALUES ('阴毛小穴');
INSERT INTO `word` VALUES ('阴水');
INSERT INTO `word` VALUES ('阴穴');
INSERT INTO `word` VALUES ('阴精');
INSERT INTO `word` VALUES ('阴精狂泻');
INSERT INTO `word` VALUES ('阴纯');
INSERT INTO `word` VALUES ('阴肉');
INSERT INTO `word` VALUES ('阴胫');
INSERT INTO `word` VALUES ('阴茎');
INSERT INTO `word` VALUES ('阴茎增大');
INSERT INTO `word` VALUES ('阴蒂');
INSERT INTO `word` VALUES ('阴道');
INSERT INTO `word` VALUES ('阴道图');
INSERT INTO `word` VALUES ('阴道被捅');
INSERT INTO `word` VALUES ('阴部');
INSERT INTO `word` VALUES ('阴门');
INSERT INTO `word` VALUES ('阴间来电');
INSERT INTO `word` VALUES ('阴阜');
INSERT INTO `word` VALUES ('阿姨的偷窥');
INSERT INTO `word` VALUES ('阿娇艳照');
INSERT INTO `word` VALUES ('阿宾');
INSERT INTO `word` VALUES ('阿扁推翻');
INSERT INTO `word` VALUES ('阿賓');
INSERT INTO `word` VALUES ('附送枪');
INSERT INTO `word` VALUES ('陆同修');
INSERT INTO `word` VALUES ('陆封锁');
INSERT INTO `word` VALUES ('降灾民');
INSERT INTO `word` VALUES ('限制言');
INSERT INTO `word` VALUES ('陪睡觉');
INSERT INTO `word` VALUES ('陪考枪');
INSERT INTO `word` VALUES ('陪裸');
INSERT INTO `word` VALUES ('陰唇');
INSERT INTO `word` VALUES ('陰戶');
INSERT INTO `word` VALUES ('陰户');
INSERT INTO `word` VALUES ('陰核');
INSERT INTO `word` VALUES ('陰毛');
INSERT INTO `word` VALUES ('陰穴');
INSERT INTO `word` VALUES ('陰茎');
INSERT INTO `word` VALUES ('陰莖');
INSERT INTO `word` VALUES ('陰蒂');
INSERT INTO `word` VALUES ('陰道');
INSERT INTO `word` VALUES ('陰部');
INSERT INTO `word` VALUES ('陷害案');
INSERT INTO `word` VALUES ('陷害罪');
INSERT INTO `word` VALUES ('隆手指');
INSERT INTO `word` VALUES ('隐形喷剂');
INSERT INTO `word` VALUES ('隐形耳');
INSERT INTO `word` VALUES ('集体做爱');
INSERT INTO `word` VALUES ('集体打砸');
INSERT INTO `word` VALUES ('集体腐');
INSERT INTO `word` VALUES ('雞八');
INSERT INTO `word` VALUES ('雞巴');
INSERT INTO `word` VALUES ('雞雞');
INSERT INTO `word` VALUES ('雪山狮子');
INSERT INTO `word` VALUES ('雪山狮子旗');
INSERT INTO `word` VALUES ('雷人女官');
INSERT INTO `word` VALUES ('電車之狼');
INSERT INTO `word` VALUES ('雾型迷');
INSERT INTO `word` VALUES ('震其国土');
INSERT INTO `word` VALUES ('震惊一个民');
INSERT INTO `word` VALUES ('霍比预言');
INSERT INTO `word` VALUES ('露乳');
INSERT INTO `word` VALUES ('露乳图');
INSERT INTO `word` VALUES ('露拉3D');
INSERT INTO `word` VALUES ('露毛');
INSERT INTO `word` VALUES ('露穴');
INSERT INTO `word` VALUES ('露胸图');
INSERT INTO `word` VALUES ('露逼');
INSERT INTO `word` VALUES ('青楼十二房');
INSERT INTO `word` VALUES ('青海无上师');
INSERT INTO `word` VALUES ('靓穴');
INSERT INTO `word` VALUES ('靓钕村');
INSERT INTO `word` VALUES ('靠你妈');
INSERT INTO `word` VALUES ('鞭满');
INSERT INTO `word` VALUES ('韵徐娘');
INSERT INTO `word` VALUES ('韶关事件');
INSERT INTO `word` VALUES ('韶关斗');
INSERT INTO `word` VALUES ('韶关旭');
INSERT INTO `word` VALUES ('韶关玩');
INSERT INTO `word` VALUES ('顶得好深');
INSERT INTO `word` VALUES ('顶花心');
INSERT INTO `word` VALUES ('领土拿');
INSERT INTO `word` VALUES ('颜射');
INSERT INTO `word` VALUES ('颠覆中华人民共和国政权');
INSERT INTO `word` VALUES ('颠覆中国政权');
INSERT INTO `word` VALUES ('颠覆国家政权');
INSERT INTO `word` VALUES ('风流教师');
INSERT INTO `word` VALUES ('风流教皇');
INSERT INTO `word` VALUES ('风骚');
INSERT INTO `word` VALUES ('风骚侍女');
INSERT INTO `word` VALUES ('香功');
INSERT INTO `word` VALUES ('香港GHB水');
INSERT INTO `word` VALUES ('香港GHB迷幻水');
INSERT INTO `word` VALUES ('香港一类');
INSERT INTO `word` VALUES ('香港总彩');
INSERT INTO `word` VALUES ('香港独立');
INSERT INTO `word` VALUES ('香港论坛');
INSERT INTO `word` VALUES ('香港马会');
INSERT INTO `word` VALUES ('香港黄大仙');
INSERT INTO `word` VALUES ('騷穴');
INSERT INTO `word` VALUES ('騷逼');
INSERT INTO `word` VALUES ('骆冰淫传');
INSERT INTO `word` VALUES ('骑单车出');
INSERT INTO `word` VALUES ('骚嘴');
INSERT INTO `word` VALUES ('骚女');
INSERT INTO `word` VALUES ('骚妇');
INSERT INTO `word` VALUES ('骚妹');
INSERT INTO `word` VALUES ('骚姊姊');
INSERT INTO `word` VALUES ('骚姐姐');
INSERT INTO `word` VALUES ('骚婊');
INSERT INTO `word` VALUES ('骚屄');
INSERT INTO `word` VALUES ('骚比');
INSERT INTO `word` VALUES ('骚水');
INSERT INTO `word` VALUES ('骚浪');
INSERT INTO `word` VALUES ('骚痒');
INSERT INTO `word` VALUES ('骚穴');
INSERT INTO `word` VALUES ('骚穴骚水');
INSERT INTO `word` VALUES ('骚货');
INSERT INTO `word` VALUES ('骚逼');
INSERT INTO `word` VALUES ('骚逼小说');
INSERT INTO `word` VALUES ('骷髅死');
INSERT INTO `word` VALUES ('高就在政');
INSERT INTO `word` VALUES ('高效春药');
INSERT INTO `word` VALUES ('高树三姐妹');
INSERT INTO `word` VALUES ('高校暴乱');
INSERT INTO `word` VALUES ('高校暴亂');
INSERT INTO `word` VALUES ('高校群体事件');
INSERT INTO `word` VALUES ('高校騷亂');
INSERT INTO `word` VALUES ('高校骚乱');
INSERT INTO `word` VALUES ('高樹三姐妹');
INSERT INTO `word` VALUES ('高考黑');
INSERT INTO `word` VALUES ('高莺莺');
INSERT INTO `word` VALUES ('魔难论');
INSERT INTO `word` VALUES ('鸡八');
INSERT INTO `word` VALUES ('鸡吧');
INSERT INTO `word` VALUES ('鸡奸');
INSERT INTO `word` VALUES ('鸡巴');
INSERT INTO `word` VALUES ('鸥之歌');
INSERT INTO `word` VALUES ('鸦片液');
INSERT INTO `word` VALUES ('鸦片渣');
INSERT INTO `word` VALUES ('鸳鸯洗');
INSERT INTO `word` VALUES ('麻古');
INSERT INTO `word` VALUES ('麻将透');
INSERT INTO `word` VALUES ('麻果');
INSERT INTO `word` VALUES ('麻果丸');
INSERT INTO `word` VALUES ('麻果配');
INSERT INTO `word` VALUES ('麻醉枪');
INSERT INTO `word` VALUES ('麻醉槍');
INSERT INTO `word` VALUES ('麻醉狗');
INSERT INTO `word` VALUES ('麻醉藥');
INSERT INTO `word` VALUES ('麻醉迷幻极品');
INSERT INTO `word` VALUES ('麻醉迷幻極品');
INSERT INTO `word` VALUES ('麻醉迷魂迷情');
INSERT INTO `word` VALUES ('黃海暗殺事件');
INSERT INTO `word` VALUES ('黃色圖片');
INSERT INTO `word` VALUES ('黃色小電影');
INSERT INTO `word` VALUES ('黃色電影');
INSERT INTO `word` VALUES ('黄冰');
INSERT INTO `word` VALUES ('黄小说');
INSERT INTO `word` VALUES ('黄海事件');
INSERT INTO `word` VALUES ('黄海暗杀');
INSERT INTO `word` VALUES ('黄海暗杀事件');
INSERT INTO `word` VALUES ('黄片');
INSERT INTO `word` VALUES ('黄祸');
INSERT INTO `word` VALUES ('黄站');
INSERT INTO `word` VALUES ('黄网导航');
INSERT INTO `word` VALUES ('黄色书刊');
INSERT INTO `word` VALUES ('黄色免费电影');
INSERT INTO `word` VALUES ('黄色图片');
INSERT INTO `word` VALUES ('黄色小电影');
INSERT INTO `word` VALUES ('黄色小说');
INSERT INTO `word` VALUES ('黄色影视');
INSERT INTO `word` VALUES ('黄色文学');
INSERT INTO `word` VALUES ('黄色漫画');
INSERT INTO `word` VALUES ('黄色激情');
INSERT INTO `word` VALUES ('黄色激情小电影');
INSERT INTO `word` VALUES ('黄色照片');
INSERT INTO `word` VALUES ('黄色片');
INSERT INTO `word` VALUES ('黄色电影');
INSERT INTO `word` VALUES ('黄色网');
INSERT INTO `word` VALUES ('黄色网站');
INSERT INTO `word` VALUES ('黎阳平');
INSERT INTO `word` VALUES ('黑火药的');
INSERT INTO `word` VALUES ('鼓动一些');
INSERT INTO `word` VALUES ('龙湾事件');
INSERT INTO `word` VALUES ('龚平');
INSERT INTO `word` VALUES ('龜頭');
INSERT INTO `word` VALUES ('龟公');
INSERT INTO `word` VALUES ('龟头');
